{"Id":"195bdabf-c5cf-4daf-992f-7a86a600beec","Name":"Scale bar","HelpText":"Draws a scale bar.","ModuleType":5,"SourceCode":"using System;\r\nusing System.Collections.Generic;\r\nusing System.Linq;\r\nusing PhyloTree;\r\nusing TreeViewer;\r\nusing VectSharp;\r\n\r\nnamespace ScaleBar\r\n{\r\n    /// \u003Csummary\u003E\r\n    /// This module is used to draw a scale bar below the tree plot.\r\n    /// \u003C/summary\u003E\r\n\r\n    public static class MyModule\r\n    {\r\n        public const string Name = \u0022Scale bar\u0022;\r\n        public const string HelpText = \u0022Draws a scale bar.\u0022;\r\n        public const string Author = \u0022Giorgio Bianchini\u0022;\r\n        public static Version Version = new Version(\u00221.0.0\u0022);\r\n        public const string Id = \u0022195bdabf-c5cf-4daf-992f-7a86a600beec\u0022;\r\n        public const ModuleTypes ModuleType = ModuleTypes.Plotting;\r\n\r\n        public static List\u003C(string, string)\u003E GetParameters(TreeNode tree)\r\n        {\r\n            return new List\u003C(string, string)\u003E()\r\n            {\r\n                ( \u0022Scale\u0022, \u0022Group:2\u0022 ),\r\n                \r\n                /// \u003Cparam name=\u0022Scale size:\u0022\u003E\r\n                /// This parameter determines the length of the scale bar (expressed as a proportion of the total length from the root\r\n                /// of the tree to the farthest tip).\r\n                /// \u003C/param\u003E\r\n                ( \u0022Scale size:\u0022, \u0022Slider:0.2[\\\u00220\\\u0022,\\\u00221\\\u0022,\\\u0022{0:P0}\\\u0022]\u0022 ),\r\n                \r\n                /// \u003Cparam name=\u0022Digits:\u0022\u003E\r\n                /// This parameter determines the number of decimal digits used to show the size of the scale bar.\r\n                /// \u003C/param\u003E\r\n                ( \u0022Digits:\u0022, \u0022NumericUpDown:2[\\\u00221\\\u0022,\\\u0022Infinity\\\u0022,\\\u00221\\\u0022,\\\u00220\\\u0022]\u0022 ),\r\n\r\n                ( \u0022Appearance\u0022, \u0022Group:3\u0022),\r\n                \r\n                /// \u003Cparam name=\u0022Line thickness:\u0022\u003E\r\n                /// This parameter determines the thickness of the scale bar.\r\n                /// \u003C/param\u003E\r\n                ( \u0022Line thickness:\u0022, \u0022NumericUpDown:1[\\\u00220\\\u0022,\\\u0022Infinity\\\u0022]\u0022 ),\r\n                \r\n                /// \u003Cparam name=\u0022Colour:\u0022\u003E\r\n                /// This parameter determines the colour used to draw the scale bar.\r\n                /// \u003C/param\u003E\r\n                ( \u0022Colour:\u0022, \u0022Colour:[0,0,0,255]\u0022 ),\r\n                \r\n                /// \u003Cparam name=\u0022Font:\u0022\u003E\r\n                /// This parameter determines the font used for the label of the scale bar.\r\n                /// \u003C/param\u003E\r\n                ( \u0022Font:\u0022, \u0022Font:[\\\u0022Helvetica\\\u0022,\\\u002210\\\u0022]\u0022 ),\r\n\r\n                ( \u0022Position\u0022, \u0022Group:2\u0022 ),\r\n                \r\n                /// \u003Cparam name=\u0022Position:\u0022\u003E\r\n                /// This parameter determines the offset from the default position at which the scale bar is drawn.\r\n                /// \u003C/param\u003E\r\n                ( \u0022Position:\u0022, \u0022Point:[0,0]\u0022 ),\r\n                \r\n                /// \u003Cparam name=\u0022Angle:\u0022\u003E\r\n                /// This parameter determines the rotation angle of the scale bar. If the value is \u00600\u00B0\u0060, the scale bar is horizontal.\r\n                /// \u003C/param\u003E\r\n                ( \u0022Angle:\u0022, \u0022Slider:0[\\\u00220\\\u0022,\\\u0022360\\\u0022,\\\u00220\u00B0\\\u0022]\u0022 ),\r\n            };\r\n        }\r\n\r\n        public static bool OnParameterChange(object tree, Dictionary\u003Cstring, object\u003E previousParameterValues, Dictionary\u003Cstring, object\u003E currentParameterValues, out Dictionary\u003Cstring, ControlStatus\u003E controlStatus, out Dictionary\u003Cstring, object\u003E parametersToChange)\r\n        {\r\n            controlStatus = new Dictionary\u003Cstring, ControlStatus\u003E() { };\r\n\r\n            parametersToChange = new Dictionary\u003Cstring, object\u003E() { };\r\n\r\n            return true;\r\n        }\r\n\r\n        public static Point[] PlotAction(TreeNode tree, Dictionary\u003Cstring, object\u003E parameterValues, Dictionary\u003Cstring, Point\u003E coordinates, Graphics graphics)\r\n        {\r\n            Point scalePoint;\r\n\r\n            if (!coordinates.TryGetValue(\u002268e25ec6-5911-4741-8547-317597e1b792\u0022, out scalePoint))\r\n            {\r\n                if (!coordinates.TryGetValue(\u002295b61284-b870-48b9-b51c-3276f7d89df1\u0022, out scalePoint))\r\n                {\r\n                    if (!coordinates.TryGetValue(\u0022d0ab64ba-3bcd-443f-9150-48f6e85e97f3\u0022, out scalePoint))\r\n                    {\r\n                        throw new Exception(\u0022The coordinates module is not supported!\u0022);\r\n                    }\r\n                    else\r\n                    {\r\n                        scalePoint = new Point(scalePoint.X, 0);\r\n                    }\r\n                }\r\n            }\r\n\r\n            List\u003CTreeNode\u003E nodes = tree.GetChildrenRecursive();\r\n\r\n            double minX = double.MaxValue;\r\n            double maxX = double.MinValue;\r\n            double minY = double.MaxValue;\r\n            double maxY = double.MinValue;\r\n\r\n            void updateMaxMin(Point pt)\r\n            {\r\n                minX = Math.Min(minX, pt.X);\r\n                maxX = Math.Max(maxX, pt.X);\r\n                minY = Math.Min(minY, pt.Y);\r\n                maxY = Math.Max(maxY, pt.Y);\r\n            }\r\n\r\n            static Point sumPoint(Point pt1, Point pt2)\r\n            {\r\n                return new Point(pt1.X \u002B pt2.X, pt1.Y \u002B pt2.Y);\r\n            }\r\n\r\n            static Point rotatePoint(Point pt, double angle)\r\n            {\r\n                return new Point(pt.X * Math.Cos(angle) - pt.Y * Math.Sin(angle), pt.X * Math.Sin(angle) \u002B pt.Y * Math.Cos(angle));\r\n            }\r\n\r\n            for (int i = 0; i \u003C nodes.Count; i\u002B\u002B)\r\n            {\r\n                updateMaxMin(coordinates[nodes[i].Id]);\r\n            }\r\n\r\n            updateMaxMin(coordinates[Modules.RootNodeId]);\r\n\r\n            double maxLength = tree.LongestDownstreamLength();\r\n\r\n            int digits = (int)(double)parameterValues[\u0022Digits:\u0022];\r\n\r\n            double scaleSize = double.Parse((maxLength * (double)parameterValues[\u0022Scale size:\u0022]).ToString(digits));\r\n\r\n            double actualScaleLength = Math.Sqrt((scalePoint.X * scalePoint.X) \u002B (scalePoint.Y * scalePoint.Y)) * scaleSize;\r\n\r\n            double scaleThickness = (double)parameterValues[\u0022Line thickness:\u0022];\r\n\r\n            double angle = (double)parameterValues[\u0022Angle:\u0022] * Math.PI / 180;\r\n\r\n            while (Math.Abs(angle) \u003E Math.PI)\r\n            {\r\n                angle -= 2 * Math.PI * Math.Sign(angle);\r\n            }\r\n\r\n            Colour colour = (Colour)parameterValues[\u0022Colour:\u0022];\r\n\r\n            Point delta = (Point)parameterValues[\u0022Position:\u0022];\r\n\r\n            Point point = new Point((minX \u002B maxX) * 0.5 \u002B delta.X, maxY \u002B 15 \u002B scaleThickness * 0.5 \u002B 4.5 \u002B delta.Y);\r\n\r\n            graphics.Save();\r\n            graphics.Translate(point);\r\n            graphics.Rotate(angle);\r\n\r\n            GraphicsPath scalePath = new GraphicsPath().MoveTo(-actualScaleLength * 0.5, -scaleThickness * 0.5 - 4.5).LineTo(-actualScaleLength * 0.5, scaleThickness * 0.5 \u002B 4.5);\r\n            scalePath.MoveTo(-actualScaleLength * 0.5, 0).LineTo(actualScaleLength * 0.5, 0);\r\n            scalePath.MoveTo(actualScaleLength * 0.5, -scaleThickness * 0.5 - 4.5).LineTo(actualScaleLength * 0.5, scaleThickness * 0.5 \u002B 4.5);\r\n\r\n            graphics.StrokePath(scalePath, colour, scaleThickness, LineCaps.Round);\r\n\r\n            Font fnt = (Font)parameterValues[\u0022Font:\u0022];\r\n            string scaleText = scaleSize.ToString(digits);\r\n\r\n            if (Math.Abs(angle) \u003C Math.PI / 2)\r\n            {\r\n                graphics.FillText(-fnt.MeasureText(scaleText).Width * 0.5, 5 \u002B scaleThickness * 0.5 \u002B 4.5, scaleText, fnt, colour);\r\n            }\r\n            else\r\n            {\r\n                graphics.Save();\r\n                graphics.Rotate(Math.PI);\r\n                graphics.FillText(-fnt.MeasureText(scaleText).Width * 0.5, -(5 \u002B scaleThickness * 0.5 \u002B 4.5) - fnt.MeasureText(scaleText).Height, scaleText, fnt, colour);\r\n                graphics.Restore();\r\n            }\r\n\r\n            graphics.Restore();\r\n\r\n            minX = double.MaxValue;\r\n            maxX = double.MinValue;\r\n            minY = double.MaxValue;\r\n            maxY = double.MinValue;\r\n\r\n            updateMaxMin(sumPoint(point, rotatePoint(new Point(-actualScaleLength * 0.5, -scaleThickness * 0.5 - 4.5), angle)));\r\n            updateMaxMin(sumPoint(point, rotatePoint(new Point(actualScaleLength * 0.5, -scaleThickness * 0.5 - 4.5), angle)));\r\n            updateMaxMin(sumPoint(point, rotatePoint(new Point(actualScaleLength * 0.5, scaleThickness * 0.5 \u002B 4.5), angle)));\r\n            updateMaxMin(sumPoint(point, rotatePoint(new Point(-actualScaleLength * 0.5, scaleThickness * 0.5 \u002B 4.5), angle)));\r\n\r\n            updateMaxMin(sumPoint(point, rotatePoint(new Point(-fnt.MeasureText(scaleText).Width * 0.5, 5 \u002B scaleThickness * 0.5 \u002B 4.5 \u002B fnt.MeasureText(scaleText).Height), angle)));\r\n            updateMaxMin(sumPoint(point, rotatePoint(new Point(fnt.MeasureText(scaleText).Width * 0.5, 5 \u002B scaleThickness * 0.5 \u002B 4.5 \u002B fnt.MeasureText(scaleText).Height), angle)));\r\n\r\n            if (double.IsNaN(minX))\r\n            {\r\n                minX = 0;\r\n            }\r\n\r\n            if (double.IsNaN(minY))\r\n            {\r\n                minY = 0;\r\n            }\r\n\r\n            if (double.IsNaN(maxX))\r\n            {\r\n                maxX = 0;\r\n            }\r\n\r\n            if (double.IsNaN(maxY))\r\n            {\r\n                maxY = 0;\r\n            }\r\n\r\n            return new Point[] { new Point(minX, minY), new Point(maxX, maxY) };\r\n        }\r\n    }\r\n}\r\n","AdditionalReferences":["System.Runtime.dll","System.Private.CoreLib.dll","netstandard.dll","System.Collections.dll","TreeViewer.dll","VectSharp.dll","PhyloTree.TreeNode.dll"],"SourceSignature":"g/xZPLPaRn\u002B7jw/RKIa42o8dMXkKNLsm8sNWNhwmEaKqj/KclfBLOBcmGAzWfp9si2BzMZmZwMkxn7UiAtf1H2v8zTzmDh6fA/ef/pu4XXl7eBunQUPWaNWDlPAlpLVRNg3Xjgo5i9ditbLHjCmSiaP41v3yOOVftTnqE\u002B1\u002Bqquq/4CrjhA6w2EyMHnuIA8niqEZW6txVeauk00ojxndd93r6gsLjqEpXUgcOP4ozm0xX4TI4IXr4R\u002BFkc0FTUeLpT/YzedVz4rWu4B7hm9\u002BdTTMZkbVcneUoOfFgCa\u002BTYlFpvB8Mzc6ICHjZo50AgYkjsmdvSBFnaQqmoqFBSyQ94LKhdi8GqPTEJ1\u002BCMEBVqm4rk4HZZCiK35toY8XGUtFmts/UztZx4DoxlvctsXIJ0f2/l6cOju7yOubnaneVUMXKRXM26MMwDD82F4fWgKW5Wnf7QWmVwTHFz0FPjFkQhQ3Hql9l1qEAabjDdtZ7\u002BzLsw/AWB\u002Bq3zWZcSV6YXFgfJOfy9d3RgrH6dQSvw08rcPxhDh2hnnR8hUrqFPb\u002B8sp86hmrlUsnNfZgoqOudsN7pAE6\u002BTa/1oYDkLbKoqJw2XD8JblzjMSfgtvyI86IAOhDMXtIxLajYHODYz/OqYabJCO\u002BeizAg1TPYoUxqUmylCiE/QMDBQdOD2zMOqhOds=","ReferenceSignatures":["mUMdFT\u002B4NaXQVMENao7HWj\u002BpJ\u002BmEHKGLaT6LtJPDgDcLNOAvdSeeV1HTuEoeO6WMugJ6B\u002B1fDQ5v0iX/sYIH7rUPKZsEoBJbHrnV5Ovrg8FbJOHPCNSPf0e9oHk91fKLCORnLvLL5Nz0Kqec4uSLHOWY8jKdXz7rbmzqYTuZhijeUemcwVJB1mcNyKOUDj1T54o1So\u002B3KxZMoequ\u002BGEwhR4FevjdVWgCtk3Ih4v9KSjsi\u002B5X69Rdqrhm2wNnoTNpGMWdsLYp1AHG6j2\u002BwBtJHNv9lK6CJvY7LpUBkqgaLrIo/vHrva5wzFut8cCppZJl/BxJknRPSnmxgLdyyH5sBNB\u002BZGiTZz6Y2asOFyxFEO8bh/cRq9CRVb92\u002BFNUGZFCmNN5D5TyElwlJhuLPEcjyuIEgO4Og8mbuV3iz0BL9lpaKAuFFO5DYa1SW3z5cyzrNq26VuGTLSRMu8Q3hia7iw47KqHTymWwyl/WWsoYH9n0a32S78BMuaIrSMHANM8ux3j\u002BQgLrgFPx69lIYsHeoaUoYhct6vtC75uBtMywnmjN6hnc/GjkvX1Qs7Pfgst5F4u78T8ytkTQKWrhABn6EIgnr97gN5NCqQxUIcDkNvD3fQi1pmDlCJ6PUnyu7Wy0YSbUddQgWGeS95EPibpPTAi8HYHFC6GBgOw4oDklIg4=","poZc7/EKdtgQ5MvOiH78JXFLmYV9\u002BM0rxsKCuTSSgmTTF1LhFEAWIkbVKYuicph5mMhBKA6noNTAYClC/DU6yI9oaqoDH1lv4xbXhDCOtMltT6CkaaF/VyjTPxA0HAJTSa\u002BzGBj/jSgISgbE2xD9zg01jrJE9j\u002BShgJrkCxP16\u002B4I\u002BjCOE9nrmzD8jFFkSMb0qHINTxmu0CN9e/DuAJ1Spj2Equk2kt0wh9LHrHzWc\u002BmjPy3TndIetRyaNO3VzwORNLS4mZ7LDZcgLGo/irzj1mQQ2v9HbvaE9gXGss/nEXYbO8CIK1UB1roK1fLjTtK6MHHWpFSGy4jQpdM1VjEZ\u002B89rl0pU9gEO16qBAda7yoO4In8vM6K5mps\u002B5vs1FEApCW/TwroA688mtn6VWLB5tZGlVQ\u002B1ufRqfH0M36K9LPJArfXr707HSKthNOijt0b6GaGzgqcvJr7I79yIljZG7v07a\u002BxwLpi43caMErDMDu/wd6LAFM\u002BzXvUbtR95oZ58FCnPDAkJz3zkfbr2EGj3Z3lLH/Zo7gUpNtpWgMlsYkERdc0yQcSDUm/9e7JQoZsdHepRWG9pZk9UCh4Rl521h4eeUoU9k3Rf4voIy7BtfscqVJk2Ik69rcdKf387O6SQ5/j955jenshp5gUpCGLGxShg8ySwZ0ufTQ02nCom0E=","QoVE9AomNqe0pMhK0b3Q23KqEqDWp75g4as0PTWRH0\u002BMAfpzhV1oW57G9I9ibCvg3MyNhDuQREXMkYC1cH0vhe/Ra6jmTPaerzeltaStBI/wNVxMC2cYrtZjeypx8lC5p7vRDrEiCvQk/D3RK5N9mvxzZZUjBBx5NFsy4SkFVJ2R/Ur59MpCoKXIXkC\u002B2qQ35uBEnxPYeyOdeziLRMpAbE/RCQx3TtsXbbJyuuuasenR6vwrpN\u002Bin8diM1HDKtLS\u002BFhBhWMi55AcneOLTQosj8O4du1NqfY5l3I7MtjYSRrqnaCmo2tep3/Tt699okj6GJkW7hJL6gsatGs1np/6Sd5P2m0DWtiO/7aFEx3aFWjApJBuP4cXlVK2TFI8x7x8oMcSaH7Qrg3iwBW/D9vui0lVkY4Xx6WTBssQ\u002BwwQWkFy2zbS16DTBbC1FT6edEV5MWGcU1hlFEGu9lw5D6oZ7NcQejg6A6DT1M2tUy\u002BlxU6fIrf1tCKDA1nGT3PYJnsTjz6ZhjeMExMk7NZ8TBBVm6pEeEtq5jucmdkhzohfE85lKinOuRIknWNgNedjn20u8P\u002BpJMzXWqkLZnCV3CuBQjR\u002Bz4sbsikS8dPUQ5vrDoIa3PW\u002BcZGPH3h0Mw\u002BhTnZ/2GgNL96rO8izLWZ/YFB7WpAMPm\u002B\u002B4dZrIpZUyKGxHdk=","MTPdtl/zndA3XY4vp0k6SakLl3aQVzkXACUWValwEr1n6w82OsfZOvhlouPBZ/TC\u002BHdD3ZoMMz4dCplukoeJHlX2Y6Z7knu4d9QM/jBEHp/RYqdRuaQgxMQH7OEPBKxCMnYT5scF95x3wmflEFnErld1X49wsTofkPTM3cax7C60ItzM1WwvBb76ul096RchdlyGuXXoMqO5TbsbEAzURbQ56IkVgi3xlAW1B7jWwm34\u002BgwEs\u002BfupRtMJRChtT7PyN6VLlYgvTnX\u002BCcfclSHUmp6IeBpP7212wPMfQaWIoyw4fhsAjVq6hcJ2dwnKEw6ydjUk6piDqsv9VEB0Q1l/SQfJmBp4jLkddG2EU7Ca3AVbfzoY\u002BRIe4vBpRrqYQcxhVy1RPrY//DVQG2kqIIurtrOKhd2Da4/7YWSN0gkfKEYaazzzn6ATxfrnDotj\u002B\u002B0MtMjhiZJwSGzxhoR2p8tTaRSpFfoosUoh6FOQK7/lMzQuNqQA8eD/Qc9xfwHMZaMryoyK7QBTgW5MwzDg8CqkL6hfwTSKxn4PpSAI/uLeMo9ph\u002BK/GD3avwQg4spy3xW7FPG1nclJHbEY94Ec68FVDIvhbfwqg2FXn9AtPE7a7l\u002Bx\u002BDfTRjbpGyJBT6m\u002BmMUPyMu8VO7eHqefYWXSk9lUNiZ6\u002Bw4EAwsAqs9cm1Q8Tg=","m7hq2GGFqI0kqRsw3ErUnvi1kO3EZ7CyNQpt4GcnxyQ\u002BIomnMp8\u002BLKSpfncMA2ho5PhGVHwrMw3zQbtOfLjaM6\u002Bn2Y/B/MFyLJ6PIlNtP0PEpB6VCjhd5Ok2vSUWLOaZlmdCswUp0a2GDNpJLR8z5CF\u002BRe1pVYcODA5uRSkP\u002BpaYHS8b0/ImXK7xdBfYHDe7cBLVwRiED9ZGlRyZ6iahJ115BjfG5gCowHYAWZgXc34LuCMZqfJkUlfjn3GK0D4h/d16kd4hvMXSL4eC9GP0B00WDnUq5Y9fAjfmt\u002B61eEiOFL1nFrbWJ/\u002BLL/uWUrAqysbBW1ehHXN4wv\u002B/Cce9ST7YjuMT\u002B6q84eOitiVqTztNAZfve59Okw4mi9NHf2\u002BOEgDp7CUEt\u002BPd/Za5bzWW3I\u002BkvRJ2k\u002BhF\u002BLUdE0860ldkQaGc/cmUBJNf6vQNIo7qvXzVx0TwHuR8S08aJhEmBlKOVzNFZiF1lbNXF6eY3ul0XoNufKgZcbaaqmUKoXwXHO4A6FkYSoC5NCFnKA/rVyOnHOv8cMHUygvYHrEYriwkhcg8Pp4hp2wehZhPzsOiu1FSu8h/6Ci8\u002BimgKaqp2XPMqE5FMuUFtTDPAnYtAOJX9mNWeIYmInqQ84Pg7uotBwEi5Eb\u002BRmsXkQMscTePyGxDrYhr0R7iin\u002BwKwXSNeY=","FzPBdlOulH\u002BiDoRtjo//0TOaS95F7mtX4Eks2xv7SWkXk4RJ9BW5UEmErHKbOq98nIw/J1GFxI\u002BGNne8G/6XVfYdqPV\u002BrbA92jT3KdT/1\u002B9/qC1b/Bl4LzgRAgAagiH3Y0Z6Fg/j0kKGO2UKMWWd874QaENS4OJ830c6Bdqq7mGDz3\u002BO7R\u002BPBm5P2XfuzLJO143qZGB6GuxjOV7AT7v7QJwFxGSGL0i8Z5Mjt7Eo1XZPMt62bcXXYqjmZeMp/gmGhSzt\u002BgQBiDtlt\u002B/L0NDUJEPVWsIpqaZ2dT4XDjTerQr1rRl2W7HKgUdmWVKha5BMlcEPw305vVyVMnRbXZSSAo1rgmyVo\u002Bhny\u002BPII/JPl/XrPfxkPi4EO8PNu9a3CLUkehDehdWZ/8MqOgnpR3oynOVxd4OVhryFrz5g\u002B\u002B1\u002BI5iYatAfWHLM9oSrbv/iWKEBygrqdyXCEPn0Z00xbZLmhjdVOulZMOPHR9rCoCZgc4k3mDwAlSpJRTC0oMuOo94aTpTNSrqluyHfLs9igV/IckvP0OBJc9qo1DMGk/oiHuQrGjqZY\u002BAt3G5fZZxj6fECYhEg4oZMJW479DxwbgAmVf1XZaajR5aZ50k6WG2r1oNzdp3jmj2umiRwaNN1lsYC\u002Bf4B2d6rfOwA96KFX8fzHT46i2mijjtR0ZkLydRNeI0=","hucWcbfRwvJKaHP/pnQp//jZ8yDRbd2FlMsscfXCR\u002BitCg3aW15o8fhpLunYbdFIGzPF24KhH\u002BU/kYl/zhAxyhzK5Z87LC8zoA05fKo5et4rDdHZKpNR\u002B7P11MGRUZgDy44EYFRCAA\u002B30iGF3Nl1X7iyXVzxHS8WxUkjEb/pqpgKkpaKlWYkiawRSkRGS3UsBLNbroJii8s7SwOcBH20yi2MEdZlxLlbIwq\u002Bf2N1hvLnnEx2x5/UyNqb9TZUGWij5cYJ7wGiq7tzN\u002BTomhsT/8hnjaNWiv/xlHzbl7y7nO\u002BtbUOMu/qMSJk9m3MiyOIQwG/oFIjuxMo6kXLZkweMBdqHpW78cBitL/57ZL6kT9FReJJ7kVb2MKmf4cRvG5BGQtkL2\u002BS//0TVc0aeBjxuKYPHsN7n4voba0gFWm9QyQEBHZncgBYpDxPfc9vk9im\u002BJQxH\u002BeHttBiVbKZCGAzSefgxBj0KiPIvqPcmCNiP3PPS48xnC31qoqi/hUqJYYhb4r1sofzP1a7Eho8uEy3GZe0ozGjbsH/DXCi535r9wkGseZe3okIONvEKr6KGVrQDcHFTnsvwmdoli9XJ27\u002BYrS9aZE6lqGoqN0G1SQsXO/m1eh6glSPDTrWH729dP1hNHMjbaFYKkfPNEoIGpDEwWjorDrVhZNWx4mJntN7sEX4="],"Author":"Giorgio Bianchini","Version":"1.0.0"}