{"Id":"afb64d72-971d-4780-8dbb-a7d9248da30b","Name":"Add attribute","HelpText":"Adds or changes the value of an attribute of a node.","ModuleType":3,"SourceCode":"using System;\r\nusing System.Collections.Generic;\r\nusing PhyloTree;\r\nusing TreeViewer;\r\n\r\nnamespace Add_attribute\r\n{\r\n    /// \u003Csummary\u003E\r\n    /// This module can be used to add new attributes to a node of the tree. If the attribute is already present,\r\n    /// the effect of this module will be to change its value.\r\n    ///\r\n    /// The module can be added manually, or by selecting a node from the tree plot and using the \u0060\u002B\u0060 button to add\r\n    /// a new attribute.\r\n    /// \u003C/summary\u003E\r\n    /// \r\n    /// \u003Cdescription\u003E\r\n    /// ## Further information\r\n    /// \r\n    /// The difference between this module and the _Change attribute_ module is that this module lets you choose an\r\n    /// arbitrary name for the new attribute (and, thus, lets you create a new attribute); the _Change attribute_\r\n    /// module, instead, only lets you select an attribute that already exists in the tree (and, thus, only lets you\r\n    /// change the value of existing attributes).\r\n    /// \u003C/description\u003E\r\n\r\n    public static class MyModule\r\n    {\r\n        public const string Name = \u0022Add attribute\u0022;\r\n        public const string HelpText = \u0022Adds or changes the value of an attribute of a node.\u0022;\r\n        public const string Author = \u0022Giorgio Bianchini\u0022;\r\n        public static Version Version = new Version(\u00221.0.0\u0022);\r\n        public const string Id = \u0022afb64d72-971d-4780-8dbb-a7d9248da30b\u0022;\r\n        public const ModuleTypes ModuleType = ModuleTypes.FurtherTransformation;\r\n\r\n        public static bool Repeatable { get; } = true;\r\n\r\n        public static List\u003C(string, string)\u003E GetParameters(TreeNode tree)\r\n        {\r\n            List\u003Cstring\u003E leafNames = tree.GetLeafNames();\r\n\r\n            return new List\u003C(string, string)\u003E()\r\n            {\r\n                /// \u003Cparam name=\u0022Node:\u0022\u003E\r\n                /// This parameter is used to select the node on which to add/change the attribute. If only a\r\n                /// single node is selected, the attribute is added to that node. If more than one node is\r\n                /// selected, the attribute is applied to the last common ancestor (LCA) of all of them. Nodes\r\n                /// are selected based on their \u0060Name\u0060.\r\n                /// \u003C/param\u003E\r\n                ( \u0022Node:\u0022, \u0022Node:[\\\u0022\u0022 \u002B leafNames[0] \u002B\u0022\\\u0022,\\\u0022\u0022 \u002B leafNames[^1] \u002B \u0022\\\u0022]\u0022 ),\r\n                \r\n                /// \u003Cparam name=\u0022Apply recursively to all children\u0022\u003E\r\n                /// If this check box is checked, the attribute is added to all the descendants of the selected\r\n                /// node. Otherwise, it is only applied to the node itself.\r\n                /// \u003C/param\u003E\r\n                ( \u0022Apply recursively to all children\u0022, \u0022CheckBox:false\u0022),\r\n\r\n                ( \u0022Attribute\u0022, \u0022Group:3\u0022 ),\r\n                \r\n                /// \u003Cparam name=\u0022Attribute:\u0022\u003E\r\n                /// The name of the new attribute. If an attribute with the same name is present at the selected\r\n                /// node, its value is changed by this module.\r\n                /// \u003C/param\u003E\r\n                ( \u0022Attribute:\u0022, \u0022TextBox:\u0022 ),\r\n                \r\n                /// \u003Cparam name=\u0022Attribute type:\u0022\u003E\r\n                /// The type of the new attribute.\r\n                /// \u003C/param\u003E\r\n                ( \u0022Attribute type:\u0022, \u0022AttributeType:String\u0022),\r\n                \r\n                /// \u003Cparam name=\u0022New value:\u0022\u003E\r\n                /// The value for the new attribute. This should be coherent with the [Attribute type](#attribute-type),\r\n                /// i.e. a text string if the attribute type is \u0060String\u0060 or a (decimal) number if the attribute\r\n                /// type is \u0060Number\u0060.\r\n                /// \u003C/param\u003E\r\n                ( \u0022New value:\u0022, \u0022TextBox:\u0022),\r\n                \r\n                /// \u003Cparam name=\u0022Apply\u0022\u003E\r\n                /// This button applies the changes to the values of the other parameters and triggers a redraw\r\n                /// of the tree.\r\n                /// \u003C/param\u003E\r\n                ( \u0022Apply\u0022, \u0022Button:\u0022 )\r\n            };\r\n        }\r\n\r\n        public static bool OnParameterChange(object tree, Dictionary\u003Cstring, object\u003E previousParameterValues, Dictionary\u003Cstring, object\u003E currentParameterValues, out Dictionary\u003Cstring, ControlStatus\u003E controlStatus, out Dictionary\u003Cstring, object\u003E parametersToChange)\r\n        {\r\n            controlStatus = new Dictionary\u003Cstring, ControlStatus\u003E();\r\n            parametersToChange = new Dictionary\u003Cstring, object\u003E() { { \u0022Apply\u0022, false } };\r\n\r\n            if ((string)previousParameterValues[\u0022Attribute:\u0022] != (string)currentParameterValues[\u0022Attribute:\u0022])\r\n            {\r\n                string attributeName = (string)currentParameterValues[\u0022Attribute:\u0022];\r\n\r\n                string attrType = ((TreeNode)tree).GetAttributeType(attributeName);\r\n\r\n                if (!string.IsNullOrEmpty(attrType))\r\n                {\r\n                    parametersToChange.Add(\u0022Attribute type:\u0022, attrType);\r\n                }\r\n            }\r\n\r\n            return (bool)currentParameterValues[\u0022Apply\u0022];\r\n        }\r\n\r\n        public static void Transform(ref TreeNode tree, Dictionary\u003Cstring, object\u003E parameterValues)\r\n        {\r\n            string[] nodeElements = (string[])parameterValues[\u0022Node:\u0022];\r\n\r\n            TreeNode node = tree.GetLastCommonAncestor(nodeElements);\r\n\r\n            if (node == null)\r\n            {\r\n                throw new Exception(\u0022Could not find the requested node! If you have changed the Name of some nodes, please select the node again!\u0022);\r\n            }\r\n\r\n            string attributeName = (string)parameterValues[\u0022Attribute:\u0022];\r\n\r\n            string attrType = (string)parameterValues[\u0022Attribute type:\u0022];\r\n\r\n            string attrValue = (string)parameterValues[\u0022New value:\u0022];\r\n\r\n            bool applyToChildren = (bool)parameterValues[\u0022Apply recursively to all children\u0022];\r\n\r\n            if (!applyToChildren)\r\n            {\r\n                if (attributeName == \u0022Name\u0022 \u0026\u0026 attrType == \u0022String\u0022)\r\n                {\r\n                    node.Name = attrValue;\r\n                }\r\n                else if (attributeName == \u0022Support\u0022 \u0026\u0026 attrType == \u0022Number\u0022)\r\n                {\r\n                    node.Support = double.Parse(attrValue);\r\n                }\r\n                else if (attributeName == \u0022Length\u0022 \u0026\u0026 attrType == \u0022Number\u0022)\r\n                {\r\n                    node.Length = double.Parse(attrValue);\r\n                }\r\n                else if (!string.IsNullOrEmpty(attrType))\r\n                {\r\n                    if (attrType == \u0022String\u0022)\r\n                    {\r\n                        node.Attributes[attributeName] = attrValue;\r\n                    }\r\n                    else if (attrType == \u0022Number\u0022)\r\n                    {\r\n                        node.Attributes[attributeName] = double.Parse(attrValue);\r\n                    }\r\n                }\r\n            }\r\n            else\r\n            {\r\n                foreach (TreeNode child in node.GetChildrenRecursiveLazy())\r\n                {\r\n                    if (attributeName == \u0022Name\u0022 \u0026\u0026 attrType == \u0022String\u0022)\r\n                    {\r\n                        child.Name = attrValue;\r\n                    }\r\n                    else if (attributeName == \u0022Support\u0022 \u0026\u0026 attrType == \u0022Number\u0022)\r\n                    {\r\n                        child.Support = double.Parse(attrValue);\r\n                    }\r\n                    else if (attributeName == \u0022Length\u0022 \u0026\u0026 attrType == \u0022Number\u0022)\r\n                    {\r\n                        child.Length = double.Parse(attrValue);\r\n                    }\r\n                    else if (!string.IsNullOrEmpty(attrType))\r\n                    {\r\n                        if (attrType == \u0022String\u0022)\r\n                        {\r\n                            child.Attributes[attributeName] = attrValue;\r\n                        }\r\n                        else if (attrType == \u0022Number\u0022)\r\n                        {\r\n                            child.Attributes[attributeName] = double.Parse(attrValue);\r\n                        }\r\n                    }\r\n                }\r\n            }\r\n        }\r\n    }\r\n}\r\n","AdditionalReferences":["System.Runtime.dll","System.Private.CoreLib.dll","netstandard.dll","System.Collections.dll","TreeViewer.dll","PhyloTree.TreeNode.dll"],"SourceSignature":"KcblULK\u002BxpNe0rs4sgx4ntJCb9n6c1lbJLse1fVr/nxpQxh59wa\u002BmqO6ruuFdIKJfXet0UoKX22VEEJPRH1LwwNl6rnU5xYST5QINNNLTC\u002Bs0ydNLMzkvjR1mEoAdLOTv4P3RU2m9VLEZbM09DysYEXj61L9lnrKSF8njejxiqac9itATCNZBwSVT7GmE/sezx3HogqCtveKlqHSyhgqHvcEGWZI8A3yDQsYufA9ZD1eLpCK1wQA2X3OwyxPmt8yb1WW4RwE/ESfjAuLj5o88tuIy6f2Oji7ys9cm\u002BrRuR3pmQq3i2OAEvLTFVG5fgOeXceAQJvOIBOOtJMTP\u002BOBGqhwpG\u002BCGwJBc284yaul7MgOYLASDWscjTswHGxNd8whbvxLXyTyAfP9hPTVaQ3xZfbsHiSUwvxh8GfBs\u002BupVnwEKOjScb8Lwrpttb70f1nuT7UBqj97nATiMglVvQnLXcT0bv57ewpHdHBWz\u002BS7BH3lWGw/b70DbZWwid\u002BBf58pdaexL/GpXqZzNg\u002B8\u002BN4nd0QOrdQAseUbd\u002BZNwCkr5Bq1nDopTXkiR9q6Tv4t7YPnoNbn4HfRs5Jg/OYZat7O8BZTaY1EBPGAwLISQLjuL1ZPm5MfcyA4ZeCqo/F5t2GZ6vKwY627FH1mY15JyvcIT9h\u002BpJJnA7A05ZpXdnmLe54=","ReferenceSignatures":["mUMdFT\u002B4NaXQVMENao7HWj\u002BpJ\u002BmEHKGLaT6LtJPDgDcLNOAvdSeeV1HTuEoeO6WMugJ6B\u002B1fDQ5v0iX/sYIH7rUPKZsEoBJbHrnV5Ovrg8FbJOHPCNSPf0e9oHk91fKLCORnLvLL5Nz0Kqec4uSLHOWY8jKdXz7rbmzqYTuZhijeUemcwVJB1mcNyKOUDj1T54o1So\u002B3KxZMoequ\u002BGEwhR4FevjdVWgCtk3Ih4v9KSjsi\u002B5X69Rdqrhm2wNnoTNpGMWdsLYp1AHG6j2\u002BwBtJHNv9lK6CJvY7LpUBkqgaLrIo/vHrva5wzFut8cCppZJl/BxJknRPSnmxgLdyyH5sBNB\u002BZGiTZz6Y2asOFyxFEO8bh/cRq9CRVb92\u002BFNUGZFCmNN5D5TyElwlJhuLPEcjyuIEgO4Og8mbuV3iz0BL9lpaKAuFFO5DYa1SW3z5cyzrNq26VuGTLSRMu8Q3hia7iw47KqHTymWwyl/WWsoYH9n0a32S78BMuaIrSMHANM8ux3j\u002BQgLrgFPx69lIYsHeoaUoYhct6vtC75uBtMywnmjN6hnc/GjkvX1Qs7Pfgst5F4u78T8ytkTQKWrhABn6EIgnr97gN5NCqQxUIcDkNvD3fQi1pmDlCJ6PUnyu7Wy0YSbUddQgWGeS95EPibpPTAi8HYHFC6GBgOw4oDklIg4=","poZc7/EKdtgQ5MvOiH78JXFLmYV9\u002BM0rxsKCuTSSgmTTF1LhFEAWIkbVKYuicph5mMhBKA6noNTAYClC/DU6yI9oaqoDH1lv4xbXhDCOtMltT6CkaaF/VyjTPxA0HAJTSa\u002BzGBj/jSgISgbE2xD9zg01jrJE9j\u002BShgJrkCxP16\u002B4I\u002BjCOE9nrmzD8jFFkSMb0qHINTxmu0CN9e/DuAJ1Spj2Equk2kt0wh9LHrHzWc\u002BmjPy3TndIetRyaNO3VzwORNLS4mZ7LDZcgLGo/irzj1mQQ2v9HbvaE9gXGss/nEXYbO8CIK1UB1roK1fLjTtK6MHHWpFSGy4jQpdM1VjEZ\u002B89rl0pU9gEO16qBAda7yoO4In8vM6K5mps\u002B5vs1FEApCW/TwroA688mtn6VWLB5tZGlVQ\u002B1ufRqfH0M36K9LPJArfXr707HSKthNOijt0b6GaGzgqcvJr7I79yIljZG7v07a\u002BxwLpi43caMErDMDu/wd6LAFM\u002BzXvUbtR95oZ58FCnPDAkJz3zkfbr2EGj3Z3lLH/Zo7gUpNtpWgMlsYkERdc0yQcSDUm/9e7JQoZsdHepRWG9pZk9UCh4Rl521h4eeUoU9k3Rf4voIy7BtfscqVJk2Ik69rcdKf387O6SQ5/j955jenshp5gUpCGLGxShg8ySwZ0ufTQ02nCom0E=","QoVE9AomNqe0pMhK0b3Q23KqEqDWp75g4as0PTWRH0\u002BMAfpzhV1oW57G9I9ibCvg3MyNhDuQREXMkYC1cH0vhe/Ra6jmTPaerzeltaStBI/wNVxMC2cYrtZjeypx8lC5p7vRDrEiCvQk/D3RK5N9mvxzZZUjBBx5NFsy4SkFVJ2R/Ur59MpCoKXIXkC\u002B2qQ35uBEnxPYeyOdeziLRMpAbE/RCQx3TtsXbbJyuuuasenR6vwrpN\u002Bin8diM1HDKtLS\u002BFhBhWMi55AcneOLTQosj8O4du1NqfY5l3I7MtjYSRrqnaCmo2tep3/Tt699okj6GJkW7hJL6gsatGs1np/6Sd5P2m0DWtiO/7aFEx3aFWjApJBuP4cXlVK2TFI8x7x8oMcSaH7Qrg3iwBW/D9vui0lVkY4Xx6WTBssQ\u002BwwQWkFy2zbS16DTBbC1FT6edEV5MWGcU1hlFEGu9lw5D6oZ7NcQejg6A6DT1M2tUy\u002BlxU6fIrf1tCKDA1nGT3PYJnsTjz6ZhjeMExMk7NZ8TBBVm6pEeEtq5jucmdkhzohfE85lKinOuRIknWNgNedjn20u8P\u002BpJMzXWqkLZnCV3CuBQjR\u002Bz4sbsikS8dPUQ5vrDoIa3PW\u002BcZGPH3h0Mw\u002BhTnZ/2GgNL96rO8izLWZ/YFB7WpAMPm\u002B\u002B4dZrIpZUyKGxHdk=","MTPdtl/zndA3XY4vp0k6SakLl3aQVzkXACUWValwEr1n6w82OsfZOvhlouPBZ/TC\u002BHdD3ZoMMz4dCplukoeJHlX2Y6Z7knu4d9QM/jBEHp/RYqdRuaQgxMQH7OEPBKxCMnYT5scF95x3wmflEFnErld1X49wsTofkPTM3cax7C60ItzM1WwvBb76ul096RchdlyGuXXoMqO5TbsbEAzURbQ56IkVgi3xlAW1B7jWwm34\u002BgwEs\u002BfupRtMJRChtT7PyN6VLlYgvTnX\u002BCcfclSHUmp6IeBpP7212wPMfQaWIoyw4fhsAjVq6hcJ2dwnKEw6ydjUk6piDqsv9VEB0Q1l/SQfJmBp4jLkddG2EU7Ca3AVbfzoY\u002BRIe4vBpRrqYQcxhVy1RPrY//DVQG2kqIIurtrOKhd2Da4/7YWSN0gkfKEYaazzzn6ATxfrnDotj\u002B\u002B0MtMjhiZJwSGzxhoR2p8tTaRSpFfoosUoh6FOQK7/lMzQuNqQA8eD/Qc9xfwHMZaMryoyK7QBTgW5MwzDg8CqkL6hfwTSKxn4PpSAI/uLeMo9ph\u002BK/GD3avwQg4spy3xW7FPG1nclJHbEY94Ec68FVDIvhbfwqg2FXn9AtPE7a7l\u002Bx\u002BDfTRjbpGyJBT6m\u002BmMUPyMu8VO7eHqefYWXSk9lUNiZ6\u002Bw4EAwsAqs9cm1Q8Tg=","Jc65smFmEbfZkDgPffRuewNydG3eIbWx\u002BCioCStvbRAhEsVAEYuvHo1cJbpxzMdwHLsv7rbj\u002BO9wz1U\u002BK8vdNXDQe5M74JVgCz5KFH21mkfdjJD3oFCgEtZBhLZWkw0BXE6bFoGdRUW9Odf37skUdt9BeQRzB\u002B73yNSxgHlp9JtvBn4iQUsBzzwoYGRy0ogPsMRad8F9C810iPkePhz1\u002BbAWetJQH1unFIDZkOvK6DRu1z90A1i\u002BuFL5kDlIvBTY7MOmM3M/RRsfLuNzekJ/GsFlVNAiX7fwdNV0hATmKa2cat0pyiN71GTVviX9N0hIIrd/paf9pBUUMjHGv\u002BUtZi3aTzDZV2\u002BNkx\u002BHktXp4f7FBh2JAReYqky1rVA081IPqhZi90jdCDitKORo5caQIieNMtKgswRPt3kD/9jkNikYx7AMBP1ayGbAR0xXmcV\u002B8TYcRw8mHLRuCBQsF\u002BSYnR1J6Lgh0GHuoyv3teVpbkzY7eL0mkIfo0P8FXsW86LvaGmuXE/0CLMps18rr6mQtycofrf6G\u002BNKgjSPBjOrVQqcCN5e5V029JODbWFiBrCsw5XkSUf9Leq0aBktqC7LfTcFbAOak3s5dt\u002BzJ3LddXroukScTvwUQTs3mbmck6bVvUoRF1WfO1WHI\u002BZZ/trBAoHIVzVh4fVZ9bJ9hVa\u002BAgQ=","hucWcbfRwvJKaHP/pnQp//jZ8yDRbd2FlMsscfXCR\u002BitCg3aW15o8fhpLunYbdFIGzPF24KhH\u002BU/kYl/zhAxyhzK5Z87LC8zoA05fKo5et4rDdHZKpNR\u002B7P11MGRUZgDy44EYFRCAA\u002B30iGF3Nl1X7iyXVzxHS8WxUkjEb/pqpgKkpaKlWYkiawRSkRGS3UsBLNbroJii8s7SwOcBH20yi2MEdZlxLlbIwq\u002Bf2N1hvLnnEx2x5/UyNqb9TZUGWij5cYJ7wGiq7tzN\u002BTomhsT/8hnjaNWiv/xlHzbl7y7nO\u002BtbUOMu/qMSJk9m3MiyOIQwG/oFIjuxMo6kXLZkweMBdqHpW78cBitL/57ZL6kT9FReJJ7kVb2MKmf4cRvG5BGQtkL2\u002BS//0TVc0aeBjxuKYPHsN7n4voba0gFWm9QyQEBHZncgBYpDxPfc9vk9im\u002BJQxH\u002BeHttBiVbKZCGAzSefgxBj0KiPIvqPcmCNiP3PPS48xnC31qoqi/hUqJYYhb4r1sofzP1a7Eho8uEy3GZe0ozGjbsH/DXCi535r9wkGseZe3okIONvEKr6KGVrQDcHFTnsvwmdoli9XJ27\u002BYrS9aZE6lqGoqN0G1SQsXO/m1eh6glSPDTrWH729dP1hNHMjbaFYKkfPNEoIGpDEwWjorDrVhZNWx4mJntN7sEX4="],"Author":"Giorgio Bianchini","Version":"1.0.0"}