{"Id":"31fdfc2f-1921-432e-bb47-51362dd4fabb","Name":"NEXUS","HelpText":"Opens a file in the NEXUS format, reading the trees in the \u0022Trees\u0022 blocks and the module information in the \u0022TreeViewer\u0022 blocks.\nSafe even when opening huge files.","ModuleType":0,"SourceCode":"using System;\r\nusing System.Collections.Generic;\r\nusing System.IO;\r\nusing System.Security.Cryptography;\r\nusing System.Text;\r\nusing PhyloTree;\r\nusing PhyloTree.Formats;\r\nusing TreeViewer;\r\n\r\nnamespace OpenNexus\r\n{\r\n    /// \u003Csummary\u003E\r\n    /// This module adds support for the NEXUS tree file format.\r\n    /// \r\n    /// To avoid memory overflow issues, the module does not read all the trees from the file into memory at once; instead, it only reads them\r\n    /// one at a time when requested by the chosen Load file module.\r\n    /// \r\n    /// Trees within \u0060Trees\u0060 blocks in the NEXUS file are parsed as NWKA trees (see [this link](https://github.com/arklumpus/TreeNode/blob/master/NWKA.md)\r\n    /// for further information on this format).\r\n    /// \r\n    /// This module is capable of reading information about TreeViewer modules stored in the NEXUS file alongside in \u0060TreeViewer\u0060 blocks. This\r\n    /// can be used to reproduce the tree plot as it was saved.\r\n    /// \u003C/summary\u003E\r\n\r\n    public static class MyModule\r\n    {\r\n        public const string Name = \u0022NEXUS\u0022;\r\n        public const string HelpText = \u0022Opens a file in the NEXUS format, reading the trees in the \\\u0022Trees\\\u0022 blocks and the module information in the \\\u0022TreeViewer\\\u0022 blocks.\\nSafe even when opening huge files.\u0022;\r\n        public const string Author = \u0022Giorgio Bianchini\u0022;\r\n        public static Version Version = new Version(\u00221.0.0\u0022);\r\n        public const string Id = \u002231fdfc2f-1921-432e-bb47-51362dd4fabb\u0022;\r\n        public const ModuleTypes ModuleType = ModuleTypes.FileType;\r\n\r\n        public static string[] Extensions { get; } = { \u0022NEXUS files\u0022, \u0022nex\u0022 };\r\n        public static double IsSupported(string fileName)\r\n        {\r\n            using (StreamReader sr = new StreamReader(fileName))\r\n            {\r\n                StringBuilder sb = new StringBuilder();\r\n\r\n                int c = sr.Read();\r\n\r\n                while (c \u003E= 0 \u0026\u0026 char.IsWhiteSpace((char)c))\r\n                {\r\n                    c = sr.Read();\r\n                }\r\n\r\n                sb.Append((char)c);\r\n                for (int i = 0; i \u003C 5; i\u002B\u002B)\r\n                {\r\n                    c = sr.Read();\r\n                    if (c \u003E= 0)\r\n                    {\r\n                        sb.Append((char)c);\r\n                    }\r\n                }\r\n\r\n                return sb.ToString().Equals(\u0022#NEXUS\u0022, StringComparison.OrdinalIgnoreCase) ? 0.5 : 0;\r\n            }\r\n        }\r\n\r\n        public static IEnumerable\u003CTreeNode\u003E OpenFile(string fileName, List\u003C(string, Dictionary\u003Cstring, object\u003E)\u003E moduleSuggestions, Action\u003Cdouble\u003E progressAction, Func\u003CRSAParameters?, bool\u003E askForCodePermission)\r\n        {\r\n            using (StreamReader sr = new StreamReader(fileName))\r\n            {\r\n                string line = sr.ReadLine();\r\n\r\n                List\u003CAttachment\u003E attachments = new List\u003CAttachment\u003E();\r\n\r\n                while (!sr.EndOfStream)\r\n                {\r\n                    while (!sr.EndOfStream \u0026\u0026 !line.Trim().Equals(\u0022begin treeviewer;\u0022, StringComparison.OrdinalIgnoreCase) \u0026\u0026 !line.Trim().Equals(\u0022begin attachment;\u0022, StringComparison.OrdinalIgnoreCase))\r\n                    {\r\n                        line = sr.ReadLine();\r\n                    }\r\n\r\n                    if (!sr.EndOfStream \u0026\u0026 line.Trim().Equals(\u0022begin treeviewer;\u0022, StringComparison.OrdinalIgnoreCase))\r\n                    {\r\n                        line = \u0022\u0022;\r\n                        string lengthLine = sr.ReadLine();\r\n                        lengthLine = lengthLine.Replace(\u0022Length:\u0022, \u0022\u0022, StringComparison.OrdinalIgnoreCase).Replace(\u0022;\u0022, \u0022\u0022).Trim();\r\n                        int length = int.Parse(lengthLine);\r\n                        StringBuilder sb = new StringBuilder(length);\r\n\r\n                        int read = 0;\r\n                        char[] buffer = new char[1024];\r\n\r\n                        while (read \u003C length)\r\n                        {\r\n                            int currRead = sr.Read(buffer, 0, Math.Min(buffer.Length, length - read));\r\n                            read \u002B= currRead;\r\n                            sb.Append(buffer, 0, currRead);\r\n                        }\r\n\r\n                        string serializedModules = sb.ToString();\r\n\r\n                        List\u003CList\u003C(string, Dictionary\u003Cstring, object\u003E)\u003E\u003E modules = ModuleUtils.DeserializeModules(serializedModules, askForCodePermission);\r\n\r\n                        if (modules[0].Count \u003E 0)\r\n                        {\r\n                            moduleSuggestions[0] = modules[0][0];\r\n                        }\r\n\r\n                        if (modules[2].Count \u003E 0)\r\n                        {\r\n                            moduleSuggestions[1] = modules[2][0];\r\n                        }\r\n\r\n                        for (int i = 0; i \u003C modules[1].Count; i\u002B\u002B)\r\n                        {\r\n                            moduleSuggestions.Add(modules[1][i]);\r\n                        }\r\n\r\n                        for (int i = 0; i \u003C modules[3].Count; i\u002B\u002B)\r\n                        {\r\n                            moduleSuggestions.Add(modules[3][i]);\r\n                        }\r\n                    }\r\n                    else if (!sr.EndOfStream \u0026\u0026 line.Trim().Equals(\u0022begin attachment;\u0022, StringComparison.OrdinalIgnoreCase))\r\n                    {\r\n                        line = \u0022\u0022;\r\n                        string nameLine = sr.ReadLine();\r\n                        nameLine = nameLine.Replace(\u0022Name:\u0022, \u0022\u0022, StringComparison.OrdinalIgnoreCase).Replace(\u0022;\u0022, \u0022\u0022).Trim();\r\n\r\n                        string flagLine = sr.ReadLine();\r\n                        flagLine = flagLine.Replace(\u0022Flags:\u0022, \u0022\u0022, StringComparison.OrdinalIgnoreCase).Replace(\u0022;\u0022, \u0022\u0022).Trim().Replace(\u0022 \u0022, \u0022\u0022);\r\n\r\n                        bool storeInMemory = flagLine[0] == \u00271\u0027;\r\n                        bool cacheResults = flagLine[1] == \u00271\u0027;\r\n\r\n                        string lengthLine = sr.ReadLine();\r\n                        lengthLine = lengthLine.Replace(\u0022Length:\u0022, \u0022\u0022, StringComparison.OrdinalIgnoreCase).Replace(\u0022;\u0022, \u0022\u0022).Trim();\r\n                        int length = int.Parse(lengthLine);\r\n\r\n                        int characterLength = 4 * ((length \u002B 3 - 1) / 3);\r\n\r\n                        if (storeInMemory)\r\n                        {\r\n                            int readChars = 0;\r\n                            char[] buffer = new char[characterLength];\r\n\r\n                            while (readChars \u003C characterLength)\r\n                            {\r\n                                readChars \u002B= sr.ReadBlock(buffer, readChars, characterLength - readChars);\r\n                            }\r\n\r\n                            byte[] bytes = Convert.FromBase64CharArray(buffer, 0, characterLength);\r\n\r\n                            Stream ms = new MemoryStream(bytes);\r\n\r\n                            Attachment att = new Attachment(nameLine, cacheResults, storeInMemory, ref ms);\r\n\r\n                            attachments.Add(att);\r\n                        }\r\n                        else\r\n                        {\r\n                            string tempFileName = Path.GetTempFileName();\r\n\r\n                            using (FileStream fs = new FileStream(tempFileName, FileMode.Create))\r\n                            {\r\n                                int readChars = 0;\r\n                                char[] buffer = new char[8193];\r\n                                int bufferShift = 0;\r\n\r\n                                while (readChars \u003C characterLength)\r\n                                {\r\n                                    int read = sr.ReadBlock(buffer, readChars \u002B bufferShift, Math.Min(8193 - bufferShift, characterLength - readChars)) \u002B bufferShift;\r\n\r\n                                    if (read == 8193)\r\n                                    {\r\n                                        byte[] bufferBytes = Convert.FromBase64CharArray(buffer, 0, 8193);\r\n                                        fs.Write(bufferBytes, 0, bufferBytes.Length);\r\n                                        readChars \u002B= read;\r\n                                        bufferShift = 0;\r\n                                    }\r\n                                    else\r\n                                    {\r\n                                        if (read % 3 == 0)\r\n                                        {\r\n                                            byte[] bufferBytes = Convert.FromBase64CharArray(buffer, 0, read);\r\n                                            fs.Write(bufferBytes, 0, bufferBytes.Length);\r\n                                            readChars \u002B= read;\r\n                                            bufferShift = 0;\r\n                                        }\r\n                                        else\r\n                                        {\r\n                                            byte[] bufferBytes = Convert.FromBase64CharArray(buffer, 0, (read / 3) * 3);\r\n                                            fs.Write(bufferBytes, 0, bufferBytes.Length);\r\n\r\n                                            char[] tempBuffer = new char[read - (read / 3) * 3];\r\n\r\n                                            for (int i = 0; i \u003C tempBuffer.Length; i\u002B\u002B)\r\n                                            {\r\n                                                tempBuffer[i] = buffer[(read / 3) * 3 \u002B i];\r\n                                            }\r\n\r\n                                            for (int i = 0; i \u003C tempBuffer.Length; i\u002B\u002B)\r\n                                            {\r\n                                                buffer[i] = tempBuffer[i];\r\n                                            }\r\n\r\n                                            bufferShift \u002B= tempBuffer.Length;\r\n                                            readChars \u002B= (read / 3) * 3;\r\n                                        }\r\n                                    }\r\n                                }\r\n                            }\r\n\r\n                            Attachment att = new Attachment(nameLine, cacheResults, storeInMemory, tempFileName, true);\r\n                            attachments.Add(att);\r\n                        }\r\n                    }\r\n                }\r\n\r\n                if (attachments.Count \u003E 0)\r\n                {\r\n                    foreach (Attachment att in attachments)\r\n                    {\r\n                        moduleSuggestions.Add((\u0022@Attachment\u0022, new Dictionary\u003Cstring, object\u003E() { { \u0022Attachment\u0022, att } }));\r\n                    }\r\n                }\r\n            }\r\n\r\n            return NEXUS.ParseTrees(fileName, progressAction);\r\n        }\r\n    }\r\n}\r\n","AdditionalReferences":["System.Runtime.dll","System.Private.CoreLib.dll","netstandard.dll","System.Collections.dll","TreeViewer.dll","PhyloTree.TreeNode.dll","System.Security.Cryptography.Algorithms.dll"],"SourceSignature":"jUEnjBY8nZUeB2/tPl9W9Ucq5V87m22Ovf4MHu2oxG70uEGRbYjCv5VmJ8bm8iDGas8KsdHWAUbHZk\u002BOshEwlySenq/xazXbBkEeM5Muzr7OgjadvTrQWGecXLvZz6gF5f46KOWG2EHn1AQGl7fC\u002BuNmPrpCG0VL\u002BjMCuVBllVPAaFVYx90sY7cyp8k/nSHZPJZEbG4wj5cUuUdPytLSbbaYII5MnZJcTNgGtbfayD7c6e2HetjrT66Sbk0VKhcHY1F1rR6jIhxzWaCffVa60F8M\u002BzjHxtr5FCrc5Kv0jZEiMw99jpaTteord4qrjtE5ROtGqiarEhwNPdYjNATo4J2X4ATadu1SJJXHa6QkIAxIvs5hUpbPAqYVWPTBe5Sohd23XsHbSytMyckzRc6WpNwy\u002BrfSgB4Q1mYk2GrDX/oBavLv/aWF7UI8/g5sD9Y0yQIAk4ZXsR1xjX9Gl9mqLpu4V3jwJ3H/9FCkZyxV4QWazJ8Z0iD1yi5IZtb5ZIzp6h2a/I/XVDcpUFA2m2prvCsvbJyI/R6ZoSMbXyXPEAVrZ0Nbsc\u002Ba4zPMpyFqkzV9xtqIkpJf32m0DBR0CY3VNAdODbPK8FJ8WZXC8sWbkXPtZC2rZQe\u002BTGtyoiZ7yuNcAGSTHo8gVEOi4wLOHJBNl5Ec4DxYJVFGvb58gymtIMI=","ReferenceSignatures":["mUMdFT\u002B4NaXQVMENao7HWj\u002BpJ\u002BmEHKGLaT6LtJPDgDcLNOAvdSeeV1HTuEoeO6WMugJ6B\u002B1fDQ5v0iX/sYIH7rUPKZsEoBJbHrnV5Ovrg8FbJOHPCNSPf0e9oHk91fKLCORnLvLL5Nz0Kqec4uSLHOWY8jKdXz7rbmzqYTuZhijeUemcwVJB1mcNyKOUDj1T54o1So\u002B3KxZMoequ\u002BGEwhR4FevjdVWgCtk3Ih4v9KSjsi\u002B5X69Rdqrhm2wNnoTNpGMWdsLYp1AHG6j2\u002BwBtJHNv9lK6CJvY7LpUBkqgaLrIo/vHrva5wzFut8cCppZJl/BxJknRPSnmxgLdyyH5sBNB\u002BZGiTZz6Y2asOFyxFEO8bh/cRq9CRVb92\u002BFNUGZFCmNN5D5TyElwlJhuLPEcjyuIEgO4Og8mbuV3iz0BL9lpaKAuFFO5DYa1SW3z5cyzrNq26VuGTLSRMu8Q3hia7iw47KqHTymWwyl/WWsoYH9n0a32S78BMuaIrSMHANM8ux3j\u002BQgLrgFPx69lIYsHeoaUoYhct6vtC75uBtMywnmjN6hnc/GjkvX1Qs7Pfgst5F4u78T8ytkTQKWrhABn6EIgnr97gN5NCqQxUIcDkNvD3fQi1pmDlCJ6PUnyu7Wy0YSbUddQgWGeS95EPibpPTAi8HYHFC6GBgOw4oDklIg4=","poZc7/EKdtgQ5MvOiH78JXFLmYV9\u002BM0rxsKCuTSSgmTTF1LhFEAWIkbVKYuicph5mMhBKA6noNTAYClC/DU6yI9oaqoDH1lv4xbXhDCOtMltT6CkaaF/VyjTPxA0HAJTSa\u002BzGBj/jSgISgbE2xD9zg01jrJE9j\u002BShgJrkCxP16\u002B4I\u002BjCOE9nrmzD8jFFkSMb0qHINTxmu0CN9e/DuAJ1Spj2Equk2kt0wh9LHrHzWc\u002BmjPy3TndIetRyaNO3VzwORNLS4mZ7LDZcgLGo/irzj1mQQ2v9HbvaE9gXGss/nEXYbO8CIK1UB1roK1fLjTtK6MHHWpFSGy4jQpdM1VjEZ\u002B89rl0pU9gEO16qBAda7yoO4In8vM6K5mps\u002B5vs1FEApCW/TwroA688mtn6VWLB5tZGlVQ\u002B1ufRqfH0M36K9LPJArfXr707HSKthNOijt0b6GaGzgqcvJr7I79yIljZG7v07a\u002BxwLpi43caMErDMDu/wd6LAFM\u002BzXvUbtR95oZ58FCnPDAkJz3zkfbr2EGj3Z3lLH/Zo7gUpNtpWgMlsYkERdc0yQcSDUm/9e7JQoZsdHepRWG9pZk9UCh4Rl521h4eeUoU9k3Rf4voIy7BtfscqVJk2Ik69rcdKf387O6SQ5/j955jenshp5gUpCGLGxShg8ySwZ0ufTQ02nCom0E=","QoVE9AomNqe0pMhK0b3Q23KqEqDWp75g4as0PTWRH0\u002BMAfpzhV1oW57G9I9ibCvg3MyNhDuQREXMkYC1cH0vhe/Ra6jmTPaerzeltaStBI/wNVxMC2cYrtZjeypx8lC5p7vRDrEiCvQk/D3RK5N9mvxzZZUjBBx5NFsy4SkFVJ2R/Ur59MpCoKXIXkC\u002B2qQ35uBEnxPYeyOdeziLRMpAbE/RCQx3TtsXbbJyuuuasenR6vwrpN\u002Bin8diM1HDKtLS\u002BFhBhWMi55AcneOLTQosj8O4du1NqfY5l3I7MtjYSRrqnaCmo2tep3/Tt699okj6GJkW7hJL6gsatGs1np/6Sd5P2m0DWtiO/7aFEx3aFWjApJBuP4cXlVK2TFI8x7x8oMcSaH7Qrg3iwBW/D9vui0lVkY4Xx6WTBssQ\u002BwwQWkFy2zbS16DTBbC1FT6edEV5MWGcU1hlFEGu9lw5D6oZ7NcQejg6A6DT1M2tUy\u002BlxU6fIrf1tCKDA1nGT3PYJnsTjz6ZhjeMExMk7NZ8TBBVm6pEeEtq5jucmdkhzohfE85lKinOuRIknWNgNedjn20u8P\u002BpJMzXWqkLZnCV3CuBQjR\u002Bz4sbsikS8dPUQ5vrDoIa3PW\u002BcZGPH3h0Mw\u002BhTnZ/2GgNL96rO8izLWZ/YFB7WpAMPm\u002B\u002B4dZrIpZUyKGxHdk=","MTPdtl/zndA3XY4vp0k6SakLl3aQVzkXACUWValwEr1n6w82OsfZOvhlouPBZ/TC\u002BHdD3ZoMMz4dCplukoeJHlX2Y6Z7knu4d9QM/jBEHp/RYqdRuaQgxMQH7OEPBKxCMnYT5scF95x3wmflEFnErld1X49wsTofkPTM3cax7C60ItzM1WwvBb76ul096RchdlyGuXXoMqO5TbsbEAzURbQ56IkVgi3xlAW1B7jWwm34\u002BgwEs\u002BfupRtMJRChtT7PyN6VLlYgvTnX\u002BCcfclSHUmp6IeBpP7212wPMfQaWIoyw4fhsAjVq6hcJ2dwnKEw6ydjUk6piDqsv9VEB0Q1l/SQfJmBp4jLkddG2EU7Ca3AVbfzoY\u002BRIe4vBpRrqYQcxhVy1RPrY//DVQG2kqIIurtrOKhd2Da4/7YWSN0gkfKEYaazzzn6ATxfrnDotj\u002B\u002B0MtMjhiZJwSGzxhoR2p8tTaRSpFfoosUoh6FOQK7/lMzQuNqQA8eD/Qc9xfwHMZaMryoyK7QBTgW5MwzDg8CqkL6hfwTSKxn4PpSAI/uLeMo9ph\u002BK/GD3avwQg4spy3xW7FPG1nclJHbEY94Ec68FVDIvhbfwqg2FXn9AtPE7a7l\u002Bx\u002BDfTRjbpGyJBT6m\u002BmMUPyMu8VO7eHqefYWXSk9lUNiZ6\u002Bw4EAwsAqs9cm1Q8Tg=","m7hq2GGFqI0kqRsw3ErUnvi1kO3EZ7CyNQpt4GcnxyQ\u002BIomnMp8\u002BLKSpfncMA2ho5PhGVHwrMw3zQbtOfLjaM6\u002Bn2Y/B/MFyLJ6PIlNtP0PEpB6VCjhd5Ok2vSUWLOaZlmdCswUp0a2GDNpJLR8z5CF\u002BRe1pVYcODA5uRSkP\u002BpaYHS8b0/ImXK7xdBfYHDe7cBLVwRiED9ZGlRyZ6iahJ115BjfG5gCowHYAWZgXc34LuCMZqfJkUlfjn3GK0D4h/d16kd4hvMXSL4eC9GP0B00WDnUq5Y9fAjfmt\u002B61eEiOFL1nFrbWJ/\u002BLL/uWUrAqysbBW1ehHXN4wv\u002B/Cce9ST7YjuMT\u002B6q84eOitiVqTztNAZfve59Okw4mi9NHf2\u002BOEgDp7CUEt\u002BPd/Za5bzWW3I\u002BkvRJ2k\u002BhF\u002BLUdE0860ldkQaGc/cmUBJNf6vQNIo7qvXzVx0TwHuR8S08aJhEmBlKOVzNFZiF1lbNXF6eY3ul0XoNufKgZcbaaqmUKoXwXHO4A6FkYSoC5NCFnKA/rVyOnHOv8cMHUygvYHrEYriwkhcg8Pp4hp2wehZhPzsOiu1FSu8h/6Ci8\u002BimgKaqp2XPMqE5FMuUFtTDPAnYtAOJX9mNWeIYmInqQ84Pg7uotBwEi5Eb\u002BRmsXkQMscTePyGxDrYhr0R7iin\u002BwKwXSNeY=","hucWcbfRwvJKaHP/pnQp//jZ8yDRbd2FlMsscfXCR\u002BitCg3aW15o8fhpLunYbdFIGzPF24KhH\u002BU/kYl/zhAxyhzK5Z87LC8zoA05fKo5et4rDdHZKpNR\u002B7P11MGRUZgDy44EYFRCAA\u002B30iGF3Nl1X7iyXVzxHS8WxUkjEb/pqpgKkpaKlWYkiawRSkRGS3UsBLNbroJii8s7SwOcBH20yi2MEdZlxLlbIwq\u002Bf2N1hvLnnEx2x5/UyNqb9TZUGWij5cYJ7wGiq7tzN\u002BTomhsT/8hnjaNWiv/xlHzbl7y7nO\u002BtbUOMu/qMSJk9m3MiyOIQwG/oFIjuxMo6kXLZkweMBdqHpW78cBitL/57ZL6kT9FReJJ7kVb2MKmf4cRvG5BGQtkL2\u002BS//0TVc0aeBjxuKYPHsN7n4voba0gFWm9QyQEBHZncgBYpDxPfc9vk9im\u002BJQxH\u002BeHttBiVbKZCGAzSefgxBj0KiPIvqPcmCNiP3PPS48xnC31qoqi/hUqJYYhb4r1sofzP1a7Eho8uEy3GZe0ozGjbsH/DXCi535r9wkGseZe3okIONvEKr6KGVrQDcHFTnsvwmdoli9XJ27\u002BYrS9aZE6lqGoqN0G1SQsXO/m1eh6glSPDTrWH729dP1hNHMjbaFYKkfPNEoIGpDEwWjorDrVhZNWx4mJntN7sEX4=","oltcgH/qgkScSufebUVnIrxesnQw0o/7Ky8Z1yRobRNlaLWQUkC/u8vrrOA5L4Nju/fx/caJn9UJzzxzKabnaIkMPh\u002B0jvkBY6Vvy2ksplO3f\u002Bx\u002BjpdhIwYYUS95uPY3LRUREcJOAJguC6Z0R5Qmxtsn\u002Bj6jTy/R9bFWN8sbS\u002BWjR0eVqPVxluD9zNYGuQzU79Rd\u002BNwcjk5psTd56eeCyDh/ttGOymbRbGYSauA4JMbja6PeWoDE4j56nlPP7FBqmMBWimsZFFaBCJsPcy6eM\u002BvmSirvT0TOrQ/3733vCTPtY8nE0yXfHuD93fgilR7lbNW7iBb51GZPNCwiUveINSF9JEaxVJv0bfL0OQdMC9kRMMod3bnezVYpAMbjbtxxkJdU5Wgifk8NE99QuBkIwhfNzfQZXr40Diy\u002Bsff6x9klvLC4xzHLUo26GKOTKlvoYN/GuzAdSQptWxOTL9QbB1IFK9HRsQYnxq6T6hNg\u002Bj5DCSONqT63mTOMevP3lSafRbz893UQR7JqShyJeAPqBy8JjJ6p/lxiOHKP0iv/Pdy6uZy2pSVsa686MIebMLiidzbbiCsy/Yb2PK2o6V78DwPBargjv8FjjG/Qa8x4TGgf1kQE/675rMEYMm16nSW7F8wxOn\u002BI3yFtfHg88MFm5FoxYbolyx7zFlBEAebqDJk="],"Author":"Giorgio Bianchini","Version":"1.0.0"}