{"Id":"c4c71099-c7dc-44b3-93be-25a79afb1102","Name":"Switch children","HelpText":"Switches the order of the children of the node.","ModuleType":3,"SourceCode":"/*\r\n    TreeViewer - Cross-platform software to draw phylogenetic trees\r\n    Copyright (C) 2023  Giorgio Bianchini, University of Bristol\r\n \r\n    This program is free software: you can redistribute it and/or modify\r\n    it under the terms of the GNU Affero General Public License as published by\r\n    the Free Software Foundation, version 3.\r\n\r\n    This program is distributed in the hope that it will be useful,\r\n    but WITHOUT ANY WARRANTY; without even the implied warranty of\r\n    MERCHANTABILITY or FITNESS FOR A PARTICULAR PURPOSE.  See the\r\n    GNU Affero General Public License for more details.\r\n\r\n    You should have received a copy of the GNU Affero General Public License\r\n    along with this program.  If not, see \u003Chttps://www.gnu.org/licenses/\u003E.\r\n*/\r\n\r\nusing System;\r\nusing System.Collections.Generic;\r\nusing System.Linq;\r\nusing PhyloTree;\r\nusing TreeViewer;\r\nusing VectSharp;\r\nusing System.Runtime.InteropServices;\r\n\r\nnamespace SwitchChildren\r\n{\r\n    /// \u003Csummary\u003E\r\n    /// This module switches the children of a node, and, optionall, all their descendants.\r\n    /// \u003C/summary\u003E\r\n\r\n    public static class MyModule\r\n    {\r\n        public const string Name = \u0022Switch children\u0022;\r\n        public const string HelpText = \u0022Switches the order of the children of the node.\u0022;\r\n        public const string Author = \u0022Giorgio Bianchini\u0022;\r\n        public static Version Version = new Version(\u00221.0.0\u0022);\r\n        public const string Id = \u0022c4c71099-c7dc-44b3-93be-25a79afb1102\u0022;\r\n        public const ModuleTypes ModuleType = ModuleTypes.FurtherTransformation;\r\n        public static bool Repeatable { get; } = true;\r\n\t\t\r\n\t\tprivate static string Icon16Base64 = \u0022iVBORw0KGgoAAAANSUhEUgAAABAAAAAQCAYAAAAf8/9hAAAAAXNSR0IArs4c6QAAAARnQU1BAACxjwv8YQUAAAAJcEhZcwAADsMAAA7DAcdvqGQAAACKSURBVDhPY2TAAoqKiv5DmeQBUgxggtJkA6IN8Krd\u002BB\u002BEgYABhGGAKANAGqFMBu\u002B6TSjeI2gAsmYYQDcEA2ALRGQvIAMWYkIcpAloK5jNyIg15lEBPhdAuXDAAqVxAnRNMP62Zn\u002BwUwgGIkwhMkAWIyoakTVgMxAD0DUpY3UOKS7AagB6YsENGBgAnVxGI\u002B3nlw0AAAAASUVORK5CYII=\u0022;\r\n        private static string Icon24Base64 = \u0022iVBORw0KGgoAAAANSUhEUgAAABgAAAAYCAYAAADgdz34AAAAAXNSR0IArs4c6QAAAARnQU1BAACxjwv8YQUAAAAJcEhZcwAADsMAAA7DAcdvqGQAAAC6SURBVEhLzZUxDsIwDEXjHq8Ld0lmVBB77sLC9VI\u002BOFKJHLeyieBJlhsP/9exq1IpJfRIKV2eaXmfbExEFKRgXOIq6CzGWBBcMjFxHsbvDDZzUJnPd/UKXR1Ucc3EbNCK9kxMBj0xqW4yeNxOhODjC6kGXDM4Ah35kHLO4kptr0R6ezC\u002BA84itbu/7sC8pu1KSjVgXlN\u002B/OCra9qKDZlBFe2JA/eQNXHgNthjuIHanvd/DPY6uHI2EsIKyvRMkS58JvYAAAAASUVORK5CYII=\u0022;\r\n        private static string Icon32Base64 = \u0022iVBORw0KGgoAAAANSUhEUgAAACAAAAAgCAYAAABzenr0AAAAAXNSR0IArs4c6QAAAARnQU1BAACxjwv8YQUAAAAJcEhZcwAADsMAAA7DAcdvqGQAAAEaSURBVFhH7ZbPDoMgDMbBJ5vX7bB30fP\u002BZWd9l\u002B2wq3szRrEsxlFokxoTs19CGgTtx5cCWuec4dC27dWHy9jTo7LWGk7zqCcHwpc5NE0TrOq6jv0Ohwojm5Q7qcadKxagzSIC9qfH7nB\u002BOoj4iERdACYdxp4ZSiJUBcySR7IiWAI4ZwWRPEKK0HSASh5JjrP2NDjgT8JgQ9/3xXf8ar\u002BWve7H7PxFdoGE7QmYFyz0c0WsKiCXiBqz8ZLhsrkiDD8kcCuViE6pO8BJviT/c2D9IsRYpFSE08KjSBWkpgM1RorkuJoAv7q3D5SIGsd/UK0BQgSZHFAvwpmIbHIRUISSeyN3MU1ZfRuKBcDKOI07V3wOaCNx4IZREWM\u002BC0\u002Brf7XsM3gAAAAASUVORK5CYII=\u0022;\r\n\r\n        public static Page GetIcon(double scaling)\r\n        {\r\n            byte[] bytes;\r\n\r\n            if (scaling \u003C= 1)\r\n            {\r\n\r\n                bytes = Convert.FromBase64String(Icon16Base64);\r\n            }\r\n            else if (scaling \u003C= 1.5)\r\n            {\r\n                bytes = Convert.FromBase64String(Icon24Base64);\r\n            }\r\n            else\r\n            {\r\n                bytes = Convert.FromBase64String(Icon32Base64);\r\n            }\r\n\r\n            IntPtr imagePtr = Marshal.AllocHGlobal(bytes.Length);\r\n            Marshal.Copy(bytes, 0, imagePtr, bytes.Length);\r\n\r\n            RasterImage icon;\r\n\r\n            try\r\n            {\r\n                icon = new VectSharp.MuPDFUtils.RasterImageStream(imagePtr, bytes.Length, MuPDFCore.InputFileTypes.PNG);\r\n            }\r\n            catch (Exception ex)\r\n            {\r\n                throw ex.InnerException;\r\n            }\r\n            finally\r\n            {\r\n                Marshal.FreeHGlobal(imagePtr);\r\n            }\r\n\r\n            Page pag = new Page(16, 16);\r\n            pag.Graphics.DrawRasterImage(0, 0, 16, 16, icon);\r\n\r\n            return pag;\r\n        }\r\n\r\n        public static List\u003C(string, string)\u003E GetParameters(TreeNode tree)\r\n        {\r\n            List\u003Cstring\u003E leafNames = tree.GetLeafNames();\r\n\r\n            return new List\u003C(string, string)\u003E()\r\n            {\r\n                /// \u003Cparam name=\u0022Node:\u0022\u003E\r\n                /// This parameter determines the node whose children are switched. If only a\r\n                /// single node is selected, that node\u0027s children are switched. If more than one node is\r\n                /// selected, the node whose children are switched corresponds to the last common ancestor (LCA) of all of them. Nodes\r\n                /// are selected based on their \u0060Name\u0060.\r\n                /// \u003C/param\u003E\r\n                ( \u0022Node:\u0022, \u0022Node:[\\\u0022\u0022 \u002B leafNames[0] \u002B\u0022\\\u0022,\\\u0022\u0022 \u002B leafNames[^1] \u002B \u0022\\\u0022]\u0022 ),\r\n                \r\n                /// \u003Cparam name=\u0022Recursive\u0022\u003E\r\n                /// If this check box is checked, the action is also applied recursively to all descendas of the\r\n                /// selected node. Otherwise, only the direct children of the selected node are switched.\r\n                /// \u003C/param\u003E\r\n                ( \u0022Recursive\u0022, \u0022CheckBox:false\u0022 )\r\n            };\r\n        }\r\n\r\n        public static bool OnParameterChange(object tree, Dictionary\u003Cstring, object\u003E previousParameterValues, Dictionary\u003Cstring, object\u003E currentParameterValues, out Dictionary\u003Cstring, ControlStatus\u003E controlStatus, out Dictionary\u003Cstring, object\u003E parametersToChange)\r\n        {\r\n            controlStatus = new Dictionary\u003Cstring, ControlStatus\u003E();\r\n            parametersToChange = new Dictionary\u003Cstring, object\u003E();\r\n\r\n            return (bool)currentParameterValues[\u0022Recursive\u0022] != (bool)previousParameterValues[\u0022Recursive\u0022] || !((string[])currentParameterValues[\u0022Node:\u0022]).SequenceEqual((string[])previousParameterValues[\u0022Node:\u0022]);\r\n        }\r\n\r\n        public static void Transform(ref TreeNode tree, Dictionary\u003Cstring, object\u003E parameterValues, Action\u003Cdouble\u003E progressAction)\r\n        {\r\n            string[] nodeElements = (string[])parameterValues[\u0022Node:\u0022];\r\n\r\n            TreeNode node = tree.GetLastCommonAncestor(nodeElements);\r\n\r\n            bool recursive = (bool)parameterValues[\u0022Recursive\u0022];\r\n\r\n            if (!recursive)\r\n            {\r\n                List\u003CTreeNode\u003E newChildren = new List\u003CTreeNode\u003E(node.Children.Count);\r\n                for (int i = node.Children.Count - 1; i \u003E= 0; i--)\r\n                {\r\n                    newChildren.Add(node.Children[i]);\r\n                }\r\n                node.Children.Clear();\r\n                node.Children.AddRange(newChildren);\r\n            }\r\n            else\r\n            {\r\n                List\u003CTreeNode\u003E nodes = node.GetChildrenRecursive();\r\n                for (int j = 0; j \u003C nodes.Count; j\u002B\u002B)\r\n                {\r\n                    List\u003CTreeNode\u003E newChildren = new List\u003CTreeNode\u003E(nodes[j].Children.Count);\r\n                    for (int i = nodes[j].Children.Count - 1; i \u003E= 0; i--)\r\n                    {\r\n                        newChildren.Add(nodes[j].Children[i]);\r\n                    }\r\n                    nodes[j].Children.Clear();\r\n                    nodes[j].Children.AddRange(newChildren);\r\n                }\r\n            }\r\n        }\r\n\r\n    }\r\n}\r\n","AdditionalReferences":["System.Runtime.dll","System.Private.CoreLib.dll","netstandard.dll","System.Collections.dll","TreeViewer.dll","PhyloTree.TreeNode.dll","System.Linq.dll","VectSharp.dll","VectSharp.MuPDFUtils.dll","MuPDFCore.dll"],"SourceSignature":"RGVm2by\u002BEKnLhUePEKgojwH6dOVtEnAWRCcd38bXMndpfi6qx8dLPU/YlQdl8\u002BlFhGMd1WKTUrFWzRaFvDlCAGMT5tch4MrxPk7b9PmBNUsGA2kuS/3/Ov5xwQlmMbevnAPbYtBY7DT6az9ap9U8kEq\u002BzJoT\u002BP2A7D6N/y9oGpfafZBYMyHq0sDnGCT\u002B3PBz\u002BCm3rCHCrh3lb3sarh1Y9NEJmjDinCpl6AZW2fJqTL35a19UppUBIbw1MZcp8lkPpabc0YTmIfeKyi40FS8NaKU/Hh8CtxZnXDV4wf5o1g3dauwoo7y/Iltub1NxFNf9e/9JsaB5QMuBIXxVSuV\u002BBy4WcMD/KeedgmQ/p884xFuIgr241EJ9SH6jse6PbOVREufAonFiyTq1LphBZ0VkYpdfIpLK1XF749pzWbwtlu6oVBSDOpyuGGopkCOnze5iEBBRYjqbCoNAaMHHBN9DzYwAJeV3rveU1iouofrRE2WHo\u002BWXMkGAFBv6mBl7rFDyQ2j3G6N1ibwNzB\u002BP\u002BHmJ1G/cyUT2100685iguYr7qYJ5Bfy5Wl8nSAB7GTYAwBuVnxg449EEGIMQeUdRtOc1C5dGLMQJJUnZg5/ZTpo7VIFx07gQ57Bi1grbglEZSpTxU2/XFX5tgZOoq8tZpBEW3FVdJrFeZwlpe0fPKb87f5A=","ReferenceSignatures":["iu6v5oFn9M5/9nQojJIzie3HpPcx\u002B9pTyrCq6of8JDaG89M766o0kJ\u002B9OKZO7mOdVlCvLyzm9na9zHB7k5yfs2efctqL1Bw9SDwVCOGjwpu4gXNkd50xR4GNnTDlUUzBgskrzxVy9hTTQdAU2NhlT280zkqp2RdU5gLIQ63rk3vCnR\u002B1Uy7ytf/F1h20yI3A83yelPQjsaeavyKGFlo9Px0leek3etnjWOHcMKECwNA1Fp/OJuU09T3nDU4KpeTVFqo\u002BXI2HGuJ5iRCZekn7/2tLkMBQUQQ0WwyQG4tireXbyIuMlNkv0f\u002B8b/S0AgVW7FdCcEIL\u002B7gv4V/il/jcn4A01OuAwK0TyU7N\u002BqrVnI4\u002BPDiSIOKUFXFpAQnNZ\u002BH7vOvZVlAhnL03pkRfDqD9uyo4LVG95RR2vMRQ5n2ueo/wm7mtycS8VfLVxSUd0wa4ksKaZmW4d7x5shxMiFvpPsb1prsHG2wbF9p4wYr\u002B9I3riRpW87wHPip5ispGsMLcJIDzcltdG8vdEtSA5JgXxVMC9L55YW4B50x9M2bfL3nK8hYNgUqs/2HWYeHATJ4c6A6uUBs9ub5y\u002B6unQ471SdBNcO/38TQ1pCURDy\u002BA2uLVZv5C4Y\u002BSEVOaAp\u002BeSftsXkJAg0FOdwzY1vt9vm7qLzQRwKK9mmhr3YXEMpkZaoA=","ZVcK1Al/1rYW1ODFMnY9dhZSBgahs64Vg4pA8mZR\u002BY4SOUY/jf61\u002Bc0Hw\u002BeGHWblq6rZhcTWC5QBoJ6sWVlf7E/pVKr41Ug05JE8pU43eTgA9ZepS0k3Htkp4jYmPFXNo1D8dx6FtWim2CCDNjyRWIdQRBLdNEDc5\u002BRuJ9Ovh8wRNstVEs6b1yPlwRYmm84ORF6/A3a5zmfS0MjZkWkDe1uDebGoD1OvqequN7vJTcBGGNsUevmuU28VM/kKHvC40wtz8aRIkc5nBV0JBmrSQfc1C7Y3jopKphtfJobPcWsrjrufToow2jqeWCTDzJ\u002BZ0uRO99PVMqhWdNld5ICiJRKCadR/0Bc/rOoakSv\u002BxOueofXyJRR5mfRtiRjXTdkCSQHSr19DZ/gL7KhoG3FaQQ2UZOh9AT4RHdDsJHZEFRQV6E5/RYxYdiogoE4E2s9e6eLG8vdyU5t4baW\u002B6ZQ5FRg36Ss59ia5rZXRKwm7Dm8X2ovoVC2CSq5iiRXwysdzgcQDoSTbAzwSUXlvHfJX8kP29/iMynKVZB1577JTE\u002BpKMXmDjPXkenGyjkZXozfWk\u002BZBGaHgf4X5Tye\u002B\u002BBiG5c1XUh0V/avOCvCkqXWqej5HjJSVeoTablW7bbQOE7r4FQISJym3d7Zl\u002BlUxfxpMnd5t3PH4rh9Oq181aOaD0kY=","az\u002BRfTkgkgtGz0UWJBQtJLmSjzsIARZjGAcJMzAUn8WHbJSVWPR7Z3mmtN2CH8kNAC0Tf1j5lkGIi/GRPYOKF1UTdyvBCXhX3f/AOHjjvjHIZnU1VAUhWoHBHH8U3abql7JPXgefnmf83a0\u002BQzLrBcZvbALJxsO0R/erYAyaRxLyJegXlv8UOdmisFaPSNzun9ZHLdx4d484vsnLus3M54fF3I5eeTPLIkHO0WX6BUigLWWNozThEZIunuJgMD3WZK6pINiOXv7zilXHZKbYpp2miNdjVFFqhXboGRbUpqRCEHitX\u002Brawqh\u002BmUxYgXfHf1O41wsVoFQECqLvy8AKDIZjLa2mqbSHefqtUaXG0I//xNVaXSLr9QsZJHegYPLWzr/fmsXnSwud0utRdeWwTuH9KY/EAfDDUJt36huYcP8nBofPMowAhEPu3FvAie8JvasEiQJNgQR\u002Be460YD3gFPGY55RJR7utyDsFPqcgpPG6la4f0QixCNIEKGDAKedBndU0r7sBMQanA0vzw3GXBixOQWlXznhLZAwZXJQgS227YSYci6Oh1p9uJg2UtyCfQUpo4p6k5urDSpuZswJ/gQK\u002BjKV53Eru1TdVIbKqEMTadQS7jHlDQo5ZUP1tmES77vscX2cwLWONAEcf2PRkpYuZwIzDn4z5dNE89QU\u002BFoM=","EQ1iDt101WCEkBnr\u002BOrJQvi1wE7dU2DOD2S49i2xFTucwG0s/Mq5qzZ946BjioXn3wEwQ7dz5CBl4bOnbD0rs7JDdcrYyt1kSZltWUaXIlKCEpdpgUKC2S8ABgDQP4a3R4uFrUoLvR35ELQ3PH\u002B/2PYJLUxD7YqCRunjsSL\u002BRMhym3FX2xPb/XTC\u002B9D6JEpqAd5edhVPfXlaaIP0TsMYALg6/faIM2GfPXrVqQz2\u002BgdLvYm4Jl7TdK/Lnm6NvD91R/hTp9xevWgeA3pP98NzKJWcj7fn\u002BpYOnLjCY//N68xNcXwzJwr2CDeDOzqwMD3xKBJG1KMVqQLdZZSIBenGw/M2UrA5NaY2aMhXgJvtu6hlT3DbYZ4j3DA4Pfa90vCfKgYM/5VTdpQ1E5di9WfhbcFtu\u002BgexRi4C6JuUfnP8JwL2SkZPGAnDR1F3Lqnj6tGqZs6\u002BkpjKvMcqDOLV05yNV89BiIX4PtZj3hDJa0dHD/FZobcOH7mZkIqals0lPhu8yG/aTi/mecXetqF1Tz44ANu1dLsgbYPfjJwg\u002B4L\u002BxYQ5oZKywXzF7sRN78g1j\u002BUjFoE/w\u002BWsK\u002BrXw6ak7iu8KyReZTbdgmtxi5U/WJgtFt6yrkQBeq4VAfpb0mw1fjpxpiPV1FJgKSFU3BEYWC0coI4pvlE7nFt0BnJem4ZUlk=","QFX1TpcBmQKspzh\u002Bds1vcaplD0dmt0z97Ri7Lh98a0St8wZiIOvUXJ3T2iFYK9FscjwMVBUtZEug3W6qvTG2fushz\u002BKMSDVPzHfge1TW0E6EAAcJkmrYey6fioKTZf/\u002BZijd/yTNFjn7pCkEYA/yLeN5CuFWt5zQK345lie2AuzwllVhPyIq1mTQ7BvsWSjDOqJJtYrqR9UNSt8\u002BpsEQ380rL5CX79weCePoDnCyk1fOff3eKpH7\u002BPhGiASPbXYvnlP9f2KcfEu8qcPaXyaUoiWqs8bHp/s59MWP5TgArgBos/FyjpKtePRTgb0pBKwnC7RHfnYe3evBUWfIvk1uvUL/GLL7PfFwK\u002BnVdYgAHRaKoww4qjyKDWFooDyll8Ag/lgsfPkVG5X5ZaY8gseaWWY8sEgSmEjRSmG1yxZLJi6yj9L8tbbpgS6Sx8ObKtzYYKkc7r/svXbQuTCquKkzi5DIAcR3cL1j6clcFyiPA2j3NBNi9O9x\u002BY5ZC9MNwUrDaQU9eS7Ze5uDFuLbZvYTiv/9ePDk5m7r5EgEY9eMtAPkbdoNxhvgIlQsfwG6pRVXP50OAtihul9QQPIvQDz1oidegZ3ys2wfkz8o6FtUp5RnaezoC1ZJKL67bXGIqMknIzVwAMW82SCsdgOoCD1EmiSvnBGQokDo9RurF97zo1A=","NaXcisXVgXYo8b2k70UCctC5XD9gdcYtOasqyG7XOoXivK78XjnQGutro74FO/kuuVWNe7IX1kCyRBu9tBWJuNZbUE8k2VTsDvPYTbkz\u002BARUxwdXpkxXJnwe8M7Zl534gSDg\u002BZuMlneANNEQ/6EuE6ylJH0PaESOwwMMi\u002B/3UP48EJEE3dISVOuSUaRDgv5qy07PAdXozbLDYQiY5z1HMlFSc2ul2UcbF8yQubsNw2YYwKp6firVXuruu\u002B211gnv6zj1/hgd\u002BC4CHRfoslcdrR6W7HmSQo034XCzPPZ4FZYgeeKE6\u002B5PvHL\u002BxfEYLmasr8/CbHFJVpDVfqp4wocDvYy/xEPYsIw0p3cFj0nqpVevj9Tce5taYd1YRXYe5TPNuyIOTM7Ov80vb48HBjZ/jia3u\u002Bbsbmk0N7u7UUY9K9mqtVI1HX2ujkbsmCdquHmY3QxrZfTdPvpMlQMTvKrWmNE1WrCdfglLV0kmW/5SkPAEC54/XqxGPpLHSf8eZgxEzJ2O11HRicqCfijQgSl/Cn5w8OqPgR1DI2hK7tI5anJZShQkdpYR0McAsy5pjv0mCGjqqPGl9qlWIVvqGqm990BRSD\u002BmBSGEtk4FhQmZ6yp5q1GRSBQImeEmeUPbarr3fLSiby8vzOV0OsM74h1mNRv78lKjWo0ww/5MwR/32JA=","eE3zht22qxygvm9gVlSy20FE/MZjvZFg1GFbn9cfxd4oPBaYQyXF1gBbEai\u002B\u002BGf\u002BhH4TZcadtQoCqLmSnDc3XjxEGYENVio4NLpQyIUBkA5fm/GVaFjUAuhB46ATR6b0GLmo/7HW4QR5Bx3tgjHa2QEzc/SOc4cZ055YwRXP7PS\u002Boa2egj1cMU8npszOzawCS1irMdzZDJcjXn\u002BtChrgvL0H5wFerwvNgE59HkA7ghSFfQCfsbcw2IPtxY2whNiML8xh5td1suB1ihoLqjPeN\u002BtrI/LKBw695FX0uLYxOs5Guq2OaO\u002BqAFoMJvhDKUPrS1N1kmF7x44nQv5xFxpHkMYYCGTx1UldjZrJTGGQKdcHLNkIUoU\u002BhCaT\u002Bg8mTSdFf4EQVBPrCn\u002BUfi6/r/hz3cS7/5Mx/nwYHMy6OIN/dIAP7mDmgy9F93EvnYuouxK7y0FYqQwFjwGZT1/OHpXYVmDgbm3fh\u002BLLI\u002BNcBouOIjEwbWSeOAlMkKqWJMWJnXDl0cYdyvduAyriW4\u002BVTDAk2Rk9\u002Bn2o\u002BuiDI6t7L/t6\u002B3\u002BtWiDr8jn8qAq9348L6gZk0ZALdmQ0ugMenrUrApBvIAdcfU0VtfIWqYad\u002BQzY\u002BN3qaDwwqrM1aNNmZDxhc9FquSYPcjFC15gSY8F41hnQUggG4TNY4m1WtypJbtluGd8=","kRq44NFtwcRkLRl8yI9LDg7IOEKbMesLH87RGsp06StHb\u002B\u002Ba2NG39e\u002Bru9\u002BRr5V8Mb4LeMDEub7SMncVtl44xkEr7C1L0skPYIWt4r2IS13ZI\u002Bqy0\u002BWWQqvwz/\u002BoJMIS7a/uUDqr3z9wrcKfs5fzBEdZuS/Oskpa5jQSs0mLMPcfAsaYrXCW\u002Bh\u002B5WUpPLNyswZHjm3rHXPdSLI9H8ouxxNlM9Qzb1kCWvCnI8l\u002B7uUX83LHjlP8oMMF3f7qwi7jj6xEN1yHfHvaX8BV6NH18vFErsJOh4zMPrAYMkBGuTNLqF3/vBQV5ATEP/rDkQSczimFHuMA5gldqpfq2g2I2sxcmoOeWjv87RrE7ITsWdm3ZjGX/ln3YdWWcrRU0niAuHHxhti9IQX36JMcqY\u002BfWByKoBGLJz6nB/4\u002BMh57JWEq\u002BZBIZySFJ0cwpq3svDp1ertGr6E\u002BRFZB3mvMpgcAkX9rJfp7XsJV1soMSg6QBWNIY6F6EumKk6PAaID9JPzt2tnSmhv7QWb0b0lmCup5\u002BGyyRPcqAzw5U1/HC4iQlOQ5lJuyxxP6LGfruhrb7\u002BjPVX7q7WctKr4QRXr\u002BccwuW7RABGrWGGGr9Nhh8phpPyAJZWmz4Xl7pFiJ92PAxOG780uprO1rrk2WUNWusHOya7EzyrEi0MK5Ptnz8iO8\u002BTS8=","AfevwNGyeh\u002BUSxDsuYSITxxF0KCtvuddL7ur97Yg6lW7tLJMv\u002BXGNtROaEOoQT/Yf6AbaFJEPaeGdWaHSOMicFA/Dxr/rzUadxT08IfW9MsQnQG03Y53\u002BDg3T3Cxf90daNlYr9\u002BT\u002Bb13speWzHGD9FdboQcuuSeIdVwRQZb9lEQTOexpbb41ut1ftAEDUOZcwuhc6INMX3jY6Zgue8mxvN4DFFCQZ5q6eHiaW4o3GnYv\u002B8f5RO7e7w2bjxJW4hPXibbzMB3n1rR0NxdopnufLe8ENu23VAYeCH\u002BfbI7S7Y18AQ/pP7umO9Di8fInqbOD5\u002BWPqetegEeZeH/Hm1VSos7Q794KivhgWKuBbATrOHGpRlAEC/ygYzQYIHm2s6FpiLZMaK\u002BfV9Ig7EZuR3Tqsfh/\u002BaAhWDPYuwfdpUGeVkS2JkVGpwl/uK9FQS6kSEKn4mWptc0hAThnuDImmGEUt7\u002B2ozG8BWs2ZNk453aaIEjG6TuGXyiOwCEjOM7VftXP/rOMkry2KSvtgfoKYIQ2hhMEKy3F4EjkXW9TOi\u002B7YN97MFM4EJoH6UFwTIEZo9qmki\u002Bf3H5uOw3BLxTkDy1PGg1EWP2kXFmjkJ2WHpq6CwIT7QNQ\u002BPs7RuWyhwsUvEUFrp/BbAwI2t2UBcE2M5o0ul/Q3Kgv5ZpztPtDbOovXUI=","szgHuJxaOFylDc4nrPF93Xvz3/32eYmQ4p8hGt10iBoNJFDXjP5lrrDi59naMrJT0/M1ZKY3Xj9xNSFFd6N4xPL/\u002BF3PLfaC3a1z3db2D2iWvTWBRXP8Ky16N35\u002B69/87qcj3dbTZktS8/npG7LAK1Agrmck3fz/llLqEcZhLsQxemZ/TnPYjV2kqRlpS2\u002BvukDAxdaf5GbgjCy3UJPRiZ4X1or1fwXXzaYNSq38QF9mmegt1eFMNGlExk62xM480obHTyAfNY4vpDrkIfpLhPU42BrCclGPSwb6CGHP4oFNIVJRJl0vSPznJBDAmhxuz1dwjeJZ\u002BcN17cbCnvrTnguuiPZtqZy5ex9QRKGHiEwMqbWye197QkjnlJZMeiHVQsNlL2U3zYqxNIPRWq7cT0l4O4t1Cv72SwnAwI42q1DuLQ2QYtt/qsjuAH9MyKFP0cyCaxMSW5wHHVyDw8Q28d5tmALZfohw1Lwr7OyoWu/s5HlsY9a\u002BVr/1Mf21GkUP2N/ToU3O8P36ZIRmVsUFUr8Hz7k6sjmFT9D487uNqiQPh/2W5ifoLTc/L7SHcBdmS2t0Iva4ZbIx9fyPcoW9kMH2aLB13t2UkoukvBGZwYYJ630pie5b/zDMue3hqPu7RhGVjM3iTzH5Wc8Xc4StVpSXzXVdJ22xxtDq1uFH2Wo="],"Author":"Giorgio Bianchini","Version":"1.0.0"}