{"Id":"c4c71099-c7dc-44b3-93be-25a79afb1102","Name":"Switch children","HelpText":"Switches the order of the children of the node.","ModuleType":3,"SourceCode":"using System;\r\nusing System.Collections.Generic;\r\nusing System.Linq;\r\nusing PhyloTree;\r\nusing TreeViewer;\r\nusing VectSharp;\r\nusing System.Runtime.InteropServices;\r\n\r\nnamespace SwitchChildren\r\n{\r\n    /// \u003Csummary\u003E\r\n    /// This module switches the children of a node, and, optionall, all their descendants.\r\n    /// \u003C/summary\u003E\r\n\r\n    public static class MyModule\r\n    {\r\n        public const string Name = \u0022Switch children\u0022;\r\n        public const string HelpText = \u0022Switches the order of the children of the node.\u0022;\r\n        public const string Author = \u0022Giorgio Bianchini\u0022;\r\n        public static Version Version = new Version(\u00221.0.0\u0022);\r\n        public const string Id = \u0022c4c71099-c7dc-44b3-93be-25a79afb1102\u0022;\r\n        public const ModuleTypes ModuleType = ModuleTypes.FurtherTransformation;\r\n        public static bool Repeatable { get; } = true;\r\n\t\t\r\n\t\tprivate static string Icon16Base64 = \u0022iVBORw0KGgoAAAANSUhEUgAAABAAAAAQCAYAAAAf8/9hAAAAAXNSR0IArs4c6QAAAARnQU1BAACxjwv8YQUAAAAJcEhZcwAADsMAAA7DAcdvqGQAAACKSURBVDhPY2TAAoqKiv5DmeQBUgxggtJkA6IN8Krd\u002BB\u002BEgYABhGGAKANAGqFMBu\u002B6TSjeI2gAsmYYQDcEA2ALRGQvIAMWYkIcpAloK5jNyIg15lEBPhdAuXDAAqVxAnRNMP62Zn\u002BwUwgGIkwhMkAWIyoakTVgMxAD0DUpY3UOKS7AagB6YsENGBgAnVxGI\u002B3nlw0AAAAASUVORK5CYII=\u0022;\r\n        private static string Icon24Base64 = \u0022iVBORw0KGgoAAAANSUhEUgAAABgAAAAYCAYAAADgdz34AAAAAXNSR0IArs4c6QAAAARnQU1BAACxjwv8YQUAAAAJcEhZcwAADsMAAA7DAcdvqGQAAAC6SURBVEhLzZUxDsIwDEXjHq8Ld0lmVBB77sLC9VI\u002BOFKJHLeyieBJlhsP/9exq1IpJfRIKV2eaXmfbExEFKRgXOIq6CzGWBBcMjFxHsbvDDZzUJnPd/UKXR1Ucc3EbNCK9kxMBj0xqW4yeNxOhODjC6kGXDM4Ah35kHLO4kptr0R6ezC\u002BA84itbu/7sC8pu1KSjVgXlN\u002B/OCra9qKDZlBFe2JA/eQNXHgNthjuIHanvd/DPY6uHI2EsIKyvRMkS58JvYAAAAASUVORK5CYII=\u0022;\r\n        private static string Icon32Base64 = \u0022iVBORw0KGgoAAAANSUhEUgAAACAAAAAgCAYAAABzenr0AAAAAXNSR0IArs4c6QAAAARnQU1BAACxjwv8YQUAAAAJcEhZcwAADsMAAA7DAcdvqGQAAAEaSURBVFhH7ZbPDoMgDMbBJ5vX7bB30fP\u002BZWd9l\u002B2wq3szRrEsxlFokxoTs19CGgTtx5cCWuec4dC27dWHy9jTo7LWGk7zqCcHwpc5NE0TrOq6jv0Ohwojm5Q7qcadKxagzSIC9qfH7nB\u002BOoj4iERdACYdxp4ZSiJUBcySR7IiWAI4ZwWRPEKK0HSASh5JjrP2NDjgT8JgQ9/3xXf8ar\u002BWve7H7PxFdoGE7QmYFyz0c0WsKiCXiBqz8ZLhsrkiDD8kcCuViE6pO8BJviT/c2D9IsRYpFSE08KjSBWkpgM1RorkuJoAv7q3D5SIGsd/UK0BQgSZHFAvwpmIbHIRUISSeyN3MU1ZfRuKBcDKOI07V3wOaCNx4IZREWM\u002BC0\u002Brf7XsM3gAAAAASUVORK5CYII=\u0022;\r\n\r\n        public static Page GetIcon(double scaling)\r\n        {\r\n            byte[] bytes;\r\n\r\n            if (scaling \u003C= 1)\r\n            {\r\n\r\n                bytes = Convert.FromBase64String(Icon16Base64);\r\n            }\r\n            else if (scaling \u003C= 1.5)\r\n            {\r\n                bytes = Convert.FromBase64String(Icon24Base64);\r\n            }\r\n            else\r\n            {\r\n                bytes = Convert.FromBase64String(Icon32Base64);\r\n            }\r\n\r\n            IntPtr imagePtr = Marshal.AllocHGlobal(bytes.Length);\r\n            Marshal.Copy(bytes, 0, imagePtr, bytes.Length);\r\n\r\n            RasterImage icon;\r\n\r\n            try\r\n            {\r\n                icon = new VectSharp.MuPDFUtils.RasterImageStream(imagePtr, bytes.Length, MuPDFCore.InputFileTypes.PNG);\r\n            }\r\n            catch (Exception ex)\r\n            {\r\n                throw ex.InnerException;\r\n            }\r\n            finally\r\n            {\r\n                Marshal.FreeHGlobal(imagePtr);\r\n            }\r\n\r\n            Page pag = new Page(16, 16);\r\n            pag.Graphics.DrawRasterImage(0, 0, 16, 16, icon);\r\n\r\n            return pag;\r\n        }\r\n\r\n        public static List\u003C(string, string)\u003E GetParameters(TreeNode tree)\r\n        {\r\n            List\u003Cstring\u003E leafNames = tree.GetLeafNames();\r\n\r\n            return new List\u003C(string, string)\u003E()\r\n            {\r\n                /// \u003Cparam name=\u0022Node:\u0022\u003E\r\n                /// This parameter determines the node whose children are switched. If only a\r\n                /// single node is selected, that node\u0027s children are switched. If more than one node is\r\n                /// selected, the node whose children are switched corresponds to the last common ancestor (LCA) of all of them. Nodes\r\n                /// are selected based on their \u0060Name\u0060.\r\n                /// \u003C/param\u003E\r\n                ( \u0022Node:\u0022, \u0022Node:[\\\u0022\u0022 \u002B leafNames[0] \u002B\u0022\\\u0022,\\\u0022\u0022 \u002B leafNames[^1] \u002B \u0022\\\u0022]\u0022 ),\r\n                \r\n                /// \u003Cparam name=\u0022Recursive\u0022\u003E\r\n                /// If this check box is checked, the action is also applied recursively to all descendas of the\r\n                /// selected node. Otherwise, only the direct children of the selected node are switched.\r\n                /// \u003C/param\u003E\r\n                ( \u0022Recursive\u0022, \u0022CheckBox:false\u0022 )\r\n            };\r\n        }\r\n\r\n        public static bool OnParameterChange(object tree, Dictionary\u003Cstring, object\u003E previousParameterValues, Dictionary\u003Cstring, object\u003E currentParameterValues, out Dictionary\u003Cstring, ControlStatus\u003E controlStatus, out Dictionary\u003Cstring, object\u003E parametersToChange)\r\n        {\r\n            controlStatus = new Dictionary\u003Cstring, ControlStatus\u003E();\r\n            parametersToChange = new Dictionary\u003Cstring, object\u003E();\r\n\r\n            return (bool)currentParameterValues[\u0022Recursive\u0022] != (bool)previousParameterValues[\u0022Recursive\u0022] || !((string[])currentParameterValues[\u0022Node:\u0022]).SequenceEqual((string[])previousParameterValues[\u0022Node:\u0022]);\r\n        }\r\n\r\n        public static void Transform(ref TreeNode tree, Dictionary\u003Cstring, object\u003E parameterValues, Action\u003Cdouble\u003E progressAction)\r\n        {\r\n            string[] nodeElements = (string[])parameterValues[\u0022Node:\u0022];\r\n\r\n            TreeNode node = tree.GetLastCommonAncestor(nodeElements);\r\n\r\n            bool recursive = (bool)parameterValues[\u0022Recursive\u0022];\r\n\r\n            if (!recursive)\r\n            {\r\n                List\u003CTreeNode\u003E newChildren = new List\u003CTreeNode\u003E(node.Children.Count);\r\n                for (int i = node.Children.Count - 1; i \u003E= 0; i--)\r\n                {\r\n                    newChildren.Add(node.Children[i]);\r\n                }\r\n                node.Children.Clear();\r\n                node.Children.AddRange(newChildren);\r\n            }\r\n            else\r\n            {\r\n                List\u003CTreeNode\u003E nodes = node.GetChildrenRecursive();\r\n                for (int j = 0; j \u003C nodes.Count; j\u002B\u002B)\r\n                {\r\n                    List\u003CTreeNode\u003E newChildren = new List\u003CTreeNode\u003E(nodes[j].Children.Count);\r\n                    for (int i = nodes[j].Children.Count - 1; i \u003E= 0; i--)\r\n                    {\r\n                        newChildren.Add(nodes[j].Children[i]);\r\n                    }\r\n                    nodes[j].Children.Clear();\r\n                    nodes[j].Children.AddRange(newChildren);\r\n                }\r\n            }\r\n        }\r\n\r\n    }\r\n}\r\n","AdditionalReferences":["System.Runtime.dll","System.Private.CoreLib.dll","netstandard.dll","System.Collections.dll","TreeViewer.dll","PhyloTree.TreeNode.dll","System.Linq.dll","VectSharp.dll","VectSharp.MuPDFUtils.dll","MuPDFCore.dll"],"SourceSignature":"h\u002BU3U34f9ha2Tvii6ubHW8PSpNViKZtFnxDmZUoUwfTYIvrAFg5DUHcY0IxKx9ttVV8itzJL1VJyHORrjEb1xhNnKIOPQiUumaCp7ZrcIiQc0H6v0Q0OctXToo7oPmLdaLvU61\u002BbH040KG224p9jBeyqfOze5AW6ZeHaQyeg2BFUuXB59Kq6GNtkUZeiP7PQFrdeHgavP7X2pHnsmBjxzSiN3HtGduauVbH7LaJj3rPpmVYFlOJ85//9jF4WOrDY6kuONchAXFqtR7KYpmFsz8oomltCEGEWxIGBIgvcr\u002BBUigVMewnHEr8jf\u002Bx3/pXjyGsMinyr5oGKzNF9HOUrbYlvoERo47DtXIcVJ7LtOun0QNc5UXtOpb\u002BWewNswL9NrCN8wvih5KwrDftD7u4YQU3GVVyW3SNfmZ9BEufzvNYBbNSQYVFyXiYTuAOdc9ZVu5\u002BZoGTO7VcEa3Jl1GYAhVxz\u002BdB\u002BasQSrLWFOLRgjvw/Jvv7siA/j6iiSTH0dt8fBObuNL7kaQMFgpjiuhIiCuxJA83gPo3esXCqZtdmdV4xTZE8BxETddsnMdqkZ4N0i3jLFlU5CIVsEy3k7938\u002BZQBeNnWo01mML7OS3NibV9MK/kOON/86450cF4oNPNu62aiQOQpetbWaHjvPx4FWaj3zC1bqUJzrHQCaa6MIXE=","ReferenceSignatures":["CBeOOVkCakfbZHpRKFfGF7itrhx/sinWWW7vIZ\u002BHDAd7JCd4RrZzjfFeK8/DIGUgg99KaOnj9nO4olBfLiiTdppimuzcgOAKy3V1VDwSgqZKQ7q7fzvkv3itvT0ZgkKyjWhfGvkjNh3LXE7x7BDJqnCvkw3KbRamOJ9p8884grKieoO0JKc9FH3A718WnyOi/aXW7QGDl8APKB1mgrcUygdc0PczmZE\u002BRguU0Utg0LgbLILPAordb73wKk5sAdye6HroU8bR8grjey2x7KtS2zTGtQecTe/DQXJZeoebTSZjxJZhzAfxGGdpBxucAMnxKIGRi2T45\u002Bd4oL1MZCM\u002BzmVkudWXMjEq\u002BCPcKWHAmagonyhFgVQfxdprN3LvKvGxFWrsN0wfcCKa344qtrXF6ld5K9BYkkIXxJ/Jwha3zw5YKpbCnSBP1LwzCvu3mSagAm/qF2OPXI2kbe9/FGWzgO0/sy0fKhYtt3jTyc82YgIXyDXCdB71ZLr4bU2uFuATy\u002BNa0N/43IA4o2whUcJLjnZarSg6Bv0lptahNcMMTvykliU4IDyAD5NA/ZrVsSNxdy6lAqHnU46\u002Bfk/PKtkzZIs1cCTe3U1Rau4gx\u002B9megJ5MD/sIaZGH5hpJIfR5YGHkod23VF5p6V5M7Fk3q3k3nGJTKFptujuGEL2HZO3tWQ=","f7YA62jdYRIh6ynDZQe4DwT74\u002BeOOyPNI683feg1\u002BV7Z/d5TlQpvQFL70rHsl9\u002Ba2I0z1FrfLh1tVhrljxoi1czeGmufXTkpnCfGw0gnlQx0fFYF/rf2ZAYF4kfd84lZp5qlqW/POXDk\u002BeUVXAf0017Fd76XgQnQrbPG3rLs99yXJbTU6WYhpC6qwNLLdAWFq4UJPG7fOVTvN9mzcOPPKTM5Zbk9yw0ze6IwZ/TxyLG8XmJ81JcpFEULUdlCjAthl7gTi3v5mRM\u002BkWXRHv6Q6iVy258Nqh\u002BbTbs5dXFqh0wYS5TluqXjLgJQLLHMBwHU/ZXOIR9MlJyFs7ommFuOX8A/\u002BMv7KcSIPAe/V5oq5ZdLfl6UsPb\u002BT08z8R4\u002B5YWoenQl5prClPXISklPulTCpQ6KABtxt7JLh6bNtsC2z/9KvMcfxm4k5lhSDpZ8/1ZPmqTDS\u002B3Qj2sKmkl6fct0c0tJiOX1GE9cnYQDXC5dlq3O28Dlo1qgI42uee6VFaAoI\u002BrF/i\u002B5r2ZzxaAuqefSAO5ukmzD6Xf7CIW2y\u002B0oP\u002Boij0dbnwuEriIE140v2M87fudVU2DB60g0IsDBkh1pC7GrfYA6q2XkQYSPyAbEXczkJK5U0uUmVa6LSjnQt/I3WUM/58BXha5/i0RB6oIWrGBMqwi85KuN58\u002B2Kw8lSn8=","Kk\u002BynOVXTJRYnHbP3tCqE7ra4tTreVj/vkbKAZ7Dvi\u002BUQTmBlS\u002BTO6t7N0bs1GrUhyiOR70fOWsaEI\u002BeWXLqXWkgQbemqbYIwlBXTkLJlU9Y42uLIhZ0APcW2qCMTFgen02Ic6SG3Gyu9QyJQIMuMqtCFwiDVuCBSB0GYySnLSKg2iG8jPVXQ1nWnkKIcfcK/O16QNIVGTgr9WG3qSbIIQk2a6rI1Q4tpwo7GOeffkH1hkM\u002BQHtLARoft1oRA5ceqRGltJAfiTKC/xh3ZY3pr3gUtjEQzpqzNo3ImRyIHLILrNACxNalQ6FmYFZlbwCHF0jFBwLRUAXB1fO1Yqb4Rp7DtPtjjKiXBuk8PbFopaJ5KPcyRZHhD8YechmmrEj7uy4UCjAsmLHN/\u002BorTUVrKyL8uzEWiVc2r4cp9NjalyowgAyWlIGnsdQz534JxwA8dP0d\u002BLHhOxH/HmL00gkWiCgS0fRN0NLdgn8CQrOHBc7/FnclkVzCU82l00vSGM7lYqSQQkNGo/wm8KaCVybxhIiWH23u8ukr3ZyLhPoW4EjR6Befa/i7OgnyUIMqz0Pi1\u002BMBmQREN8CfPGyWZtAhO/jmdYJdTI3JPvLYASZ63FkP02lhHYYmuW2HXDIP/Z0xzPkEowCRgO9WbImroToNhG/JAhiBu9W1mShyj33B4QE=","N6VzQfOUIvvesaA\u002BOsAYjM4qgDY/zoggqEyrn9FwhrXNR547P9eoVNS6uD72RuSRTW\u002Bx3239k9Zfy8MnNqEHndAdAR0FuZ7DMzkwiSym9fSBLzwF8BMNuTEtnrRmiPPO\u002BoSmp2wNDpsFE\u002BJ0Pk2qAHGqL0Gk5xMRO824/AN6d8b1nz/cUKfRE7Ifn/Fz4QnviUPg8J/hAZs9tLwHk42zEkkeZTc01cjX0w6XI1dU6/jxImXIJ02C/B0\u002BbKb8AkOmmoYW/sG3z/\u002Bgq9q7AUjFbuvv04VRBjSpnBFbzueQqWfp3NN78M393a/b\u002BRRr2fbVooskcpUs7Z829x\u002BYmKfTjjWcMQtRC\u002BV\u002BOEWponFr4KjpFIWNrDnmFdXYPq4RXb4r1cLuqmNlT6rxfnVq/zZ9hLnE2U1tRjZ53c40tyqVEWiiaArdw9czJ5lqJVW\u002BM17mv9j1iUzXXcg8BvGJVcUcTdig8VaYHLsRurjPnekZx48tByWur3edLpj/yRM4Ja9sCb9bjzayY0zCMBV7W9QhktjJ5L95ZurANB8EitsRnrIDpOyvGK0Ittb68b4anJ\u002BSDTpjlu5H5wYTVrpxGDj4tTP45nRWNPNkKo0ZXc7OwUloE4MJq7TXrSnCEnwqVF687pKudsXtr0OK5KDAfkZOT5FixLdoOOze8uRouytXQZY=","vRMa/VS8Grjtf0M5ci39yKm\u002B/rNgo5Yq9JTuG2Cwhx1M6iAPM2kTCV71dtu5goGL5bQWBZXpxzdXJmUou\u002BsXbvx7I9Va1DBhqSJr6GQIHl4EJ67RsPQUvYCM\u002BnFbOmGiT//Dpm/ELjIqXJJ1zlCiqr4p0PvVo5LS2ffkAVetBhn1\u002BIYK7rVu76oRm8SZ1xj41sT1Bet21iY3X3zppovbixhuQxHkZn6xdHclNXt\u002BiWOWBa9ziCcacXmhrs8oNBKuOVP5QWjNYiiK49yVr37LqVWsvxz/ipd9O\u002BRn\u002BaS0rdLqptzzxZ2TqxHPk1VzKXEslylnKiwWhbpxTyZqAmZmgnRQdaR7HnPuVEA8sR11vUcCTbFZIxLDdxf85gdrC/jOWTECxTm\u002B7JCR4auQemIvc4QErv4eLayUutt7mIB0EhydQE7V7kpFwiiqhMezfwnzhUZz0mJJEJCBCLqU22vYeQl3OaPXziPuuMDS1gBvUakyjZ3yTmkxMhQg5ymZ2MeciKUwQaPw0nBfAJFnHqxXkgTF0Q1hdvTcU1lAc\u002Buz0osHWknI7cCIRRxz/ON/xu/h9BZov6sYOonc/9bKkHp8023ix/r8Vp0MAvNrZhTL1D19a8yGB1W\u002BvWc1jujvB5T6EKX782kXq5nHO1R8uW8kD2CqBtPB9WtoeH1hHo9/jwA=","m\u002BV8mqTxodmIhadlk17g/KfDClVyAtRTURsfBwEWQy2BqGDZI0\u002BZFtbTrNS9QaJlHj98Hlp4EsxPrKi/Xn6\u002Bwxd2fVWzXcGglTUPEgf0ZsAx8saCgN01o1s1t049F/qeip8RKIUHgABL/\u002Bd\u002BE1D1z4O4k8JesdVGEnqeWUcJtOo2kvMkDcBhtTDsyJs0pyY9ovy5A\u002Bhj5aRQF/uQJshhvQCxHPU42zr2EFPXFg8sGj9N\u002BioKID8c8vHiH03fzymWgZ/kQBBbX2VaYnUU69OQd1Dp0IRd\u002Bc8TC7HVWp1UaULPY\u002Bo/rAmd6zb/Ao4k\u002BDwrUcH\u002BJT\u002BOMWlXCA9R5XStNzz7hz\u002BQByO7Ijxy4k1ZhuFL\u002B3/swm52VEnhVbbUbByvWdujm48CXeaUR9uQQucnqfnNCXMzoRURXeSaCnR5w1HwyToeDAf9m5uY2a1/nuv7nRtrXMgOYlx4KCD133ZAUvQXb0u\u002BCjJIsNbtYKRLyW0Ws3BnhcPx/asggMrRHGEVOoa5ad91qwsQSLLKQNPtrFaVbq924pgXs1Di/OA\u002BLng94dxfzKLdXbHThw6wbmUpkqHEsx\u002BSGQXJEsK1Q\u002Bl6NVlmI7\u002B7WAoKyvwkPTWDzBkRmQ\u002B1SLiiIYnScwMEx8mpUGg8nfrRpoZzoZv0vxorxLqWN1Het5zb2e4xrYTWPfU=","GCWWW646SFmIL8FHqD8jhM\u002BvBvr88klYOtegsefNKrZEzq1z0DZ6X2qv1PJ7shTYymDzdCqXRrsg\u002BCnJkRWeklpr65fv4uIYoctiJSV078TldYTTUglhY9N/cBuRqkGMAcWf9ftfm7hHHwm67MYThuW\u002BeU/OJ7lUARBU\u002BjYWHO96qLlHI1Ggfihxhk/woJuaDz0l\u002BlGWvd9mGF\u002BJ3d8g/RlmZXVEzMbXJb84/jD2/zaAJT4sH6QQSmdFrXWAtDHMGZqfJvZqb62/TE08i22fuQ28PzR3Jvd7RNk3EYeKcBsYaCMbqyse6WxoRFXvCqQKglSLgYnhOPme\u002B27ujJjgUwFKQYsxd9uhMo9V/abZcCrCR4y1ZgjQqCLlU6NV/Ge2P6jOtTxlVAREssBuI6cPiq8sj/YeAfzGDvPAu3hXhJsalXNlw3hBxuL5l7L6C7VrqstIULOjsdGMn1a2nfA9fZjIxGp1G2xDE6puavk0/dmWkrgN6\u002BUGcoksng/\u002BlrHpDiBMLq7fVV6WlyPhK6LuyJd/hQrNAbIWh1X1vNHm4q8QhofKUTjcZJVGFcU\u002Bll5orA9ZIMjHLNeI\u002BIf\u002B37OP\u002Bk\u002B/xpDxxyjLFf6WWFP7v8kNeBm1zBrIPTpTT8\u002BURbw6vPQDxFI0MwIC11aGZMylgrT0MCL3HbE/XXyY/Pr34fY=","mdVDDbgGu7S\u002BwruAukDdHPSvizy1fmq2ABhOyLFFrLZ0HmmVacT\u002BXFWjbWS7VFu\u002BdGMs\u002BF2xixozfEFAMwUrx0OLevdB5fWnC1rGMgoZZ4xYqKwEWDeDjyJqwI9DBAxHefsuxNdEjdFd9IXIW5423mdbH7s9HnbJC6kqLRL0dWRroNJ4XWbmu98CFwoR6WGvCVDWn6ze/SjfWMTReeyWKImjz1K9mX\u002BaB7h/C1mMCLptDA1\u002BmgaY98So16YQ\u002BWrLTrsuYY9XdBUiuLlucSDfVM6GnSt2sBm9O4fWzgWxMTy6JtLhMIB/yIdAAkC7krZ7IETGXf5G49D6cjRYpszhk07d9Xa3vZep5zxTHRNDo1ih6eZQJaNnwveEjIhVK8SwDkOU8L/NLk\u002BQsrtzt8z/VMw4Sdj5VQui0tgLcAy9ZrsSHpXdjO5klbXNCTSCDvxhcrSm0K5Iap9BJYokVwlTVUtZYMGhVc6vBVFXpnqR1U/gGazqmUaczlKmgyj6Ua10OrjeHs6DtSMBQZzg7ApAnyquEgJO45i7yXwPu1/myvVMnPiXe9IylOdgXepuRehtjHq9hadEA012\u002BGRHPqPnqTl4\u002BGjPvFuWWiWx6oi8cpq\u002BA1BuuMUk8KDwSbSjgwkg8ZJV7CDvo3sbejLxURbQBco40rZSvmuJAhp2LeSnWL0=","iRb9a43yy8y0A91uSfXqT/O/lyD7N7/wL6C7CKuYYckeTftJ\u002BHMHAhbG/hOYyytY300jhUtCNiMdczIQD5xJ1Nmk2Y8VusCpWeJLwwNXdvjPa4fS73q\u002BKtSc63ajl6OmaHTgzYQxR8qqKZVdni09fkikjfFR3CwEq4zRGycpVkQmizEt0S9thjRdz3wOVKM8SUGLqvYVToWyj7/14ie\u002BlntKkmeSIpke/Vzb9E4gAlzyPaYh7hBnUK0HqdpEfIytz7/7sQl7dgR6G2qR8HxgCCIbw4mE7vIr1vT1P1hPPZzyo26RWH2vPWODit56OueVyA/uN70X084VBmBh7VP5YnJiGNZVgZWtYcLHU2NxnHmetb9hBFZCTkq9zCgSJc5nP3BzLlks/CNX1imaZn\u002B6zerxqVBddhKvhdalOx0wizNrmPE4egGjs/2zC6Eoq16ZOgrC8HLJ236DXlEiea5uAdBAFMfyNSD95yEYliCbdWfo0dxra9eTgAOf3boqmhQfTULOmwddFrdiFhUz3aKl55/dVfK9JqUF\u002Bg29jC3lBTpGxqdvpjdVQCEminOINWuQ7y6ya61SGeuRD7hbQoMincPRhx8/t0CE0HarIf6kJ3qdG7n1nVuQOLEn0A2sxq4gITjjQ6vOzMR5iRrUJl92646J3eyyGeQ2flYwNFSHknw=","StYXlmFNza7Ri\u002B2JVAw5RIsMUhKsTnpwX/ngqUfkg5q7MR75V1e3e0648vZM8KSzPOqwO0\u002BXX\u002BscusKLI\u002BUoSW/rbYzY\u002BaeMq/7txcu9c9f25D5lHMM\u002BDDAgEnoGOMOoZM8wB5iVWQEP7shenHvdRAUlQ3I8SIp8\u002BoR\u002BJNB1FygjkmPMN8EKdC5F\u002BzU05\u002Bc2TetjtyBSHm6sV6x4U9hegztaOUiHjm7CITN2RQ5J3E6E3MOgJcAEc3C4AEQGjLL2GAyqu5/J0KRdpnEdqg6GVTzKo7LW7vadtrUAYH\u002BhjiAAvz6n0\u002BdnWdaVqJPxiSdnvYmuzWDeAo1mK14Llo7qraB9aPU\u002B4Adq1qN/rghighY7R3YDEDcMAyQ3K2uxIVNrPtv9eMfZZ2znlBPXp6UwGe35sqZ\u002BUd0aUCylDyZqXVm2DcTNjzd\u002B4RjmksjM0\u002BIoaZTB1FV1qvTYqtokxNtR65yJeuOc6sbsbxrcSRMdUpk2cB8/fsT7fk5WdYU19PLE\u002BdxSmyfD7b8or9VNSvyz3bgu7HywKmTeOTUsqPgpKhT9oGtRA2Wz9wTUX40nJReoCVE\u002By2tp124NUoXp/nzdidSP79v/BTG0rkfhML2YjFow2xSh4MXwF0YRmsFtHcsWvTOIZsDpD0p/HjriJa4mXtv4wFSq1AUQySI4FY4miUY="],"Author":"Giorgio Bianchini","Version":"1.0.0"}