{"Id":"8ccec519-3d83-4617-824f-dd474c88bdea","Name":"Binary tree","HelpText":"Opens a file containing one or more trees in binary format.\nSafe even when opening huge files.","ModuleType":0,"SourceCode":"using System;\r\nusing System.Collections.Generic;\r\nusing System.IO;\r\nusing System.Security.Cryptography;\r\nusing PhyloTree;\r\nusing PhyloTree.Formats;\r\nusing TreeViewer;\r\n\r\nnamespace OpenBinaryTree\r\n{\r\n    /// \u003Csummary\u003E\r\n    /// This module adds support for the Binary tree file format (see [this link](https://github.com/arklumpus/TreeNode/blob/master/BinaryTree.md)\r\n    /// for further information on this format).\r\n    /// \r\n    /// To avoid memory overflow issues, the module does not read all the trees from the file into memory at once; instead, it only reads them\r\n    /// one at a time when requested by the chosen Load file module.\r\n    /// \r\n    /// This module is capable of reading information about TreeViewer modules stored in the tree file alongside the tree(s). This can be used\r\n    /// to reproduce the tree plot as it was saved.\r\n    /// \u003C/summary\u003E\r\n\r\n    public static class MyModule\r\n    {\r\n        public const string Name = \u0022Binary tree\u0022;\r\n        public const string HelpText = \u0022Opens a file containing one or more trees in binary format.\\nSafe even when opening huge files.\u0022;\r\n        public const string Author = \u0022Giorgio Bianchini\u0022;\r\n        public static Version Version = new Version(\u00221.0.0\u0022);\r\n        public const string Id = \u00228ccec519-3d83-4617-824f-dd474c88bdea\u0022;\r\n        public const ModuleTypes ModuleType = ModuleTypes.FileType;\r\n\r\n        public static string[] Extensions { get; } = { \u0022Binary tree files\u0022, \u0022tbi\u0022 };\r\n        public static double IsSupported(string fileName)\r\n        {\r\n            using (FileStream fs = new FileStream(fileName, FileMode.Open, FileAccess.Read))\r\n            {\r\n                return BinaryTree.IsValidStream(fs) ? 0.8 : 0;\r\n            }\r\n        }\r\n\r\n        public static IEnumerable\u003CTreeNode\u003E OpenFile(string fileName, List\u003C(string, Dictionary\u003Cstring, object\u003E)\u003E moduleSuggestions, Action\u003Cdouble\u003E progressAction, Func\u003CRSAParameters?, bool\u003E askForCodePermission)\r\n        {\r\n            FileStream fs = new FileStream(fileName, FileMode.Open, FileAccess.Read, FileShare.Read);\r\n\r\n            if (BinaryTree.HasValidTrailer(fs, true))\r\n            {\r\n                try\r\n                {\r\n                    using (BinaryReader reader = new BinaryReader(fs, System.Text.Encoding.UTF8, true))\r\n                    {\r\n                        fs.Seek(-12, SeekOrigin.End);\r\n                        long labelAddress = reader.ReadInt64();\r\n                        fs.Seek(labelAddress - 8, SeekOrigin.Begin);\r\n                        long dataLength = reader.ReadInt64();\r\n                        if (dataLength \u003E 11)\r\n                        {\r\n                            fs.Seek(labelAddress - 8 - dataLength, SeekOrigin.Begin);\r\n                            string header = reader.ReadString();\r\n                            if (header == \u0022#TreeViewer\u0022)\r\n                            {\r\n                                string serializedModules = reader.ReadString();\r\n\r\n                                List\u003CList\u003C(string, Dictionary\u003Cstring, object\u003E)\u003E\u003E modules = ModuleUtils.DeserializeModules(serializedModules, askForCodePermission);\r\n\r\n                                if (modules[0].Count \u003E 0)\r\n                                {\r\n                                    moduleSuggestions[0] = modules[0][0];\r\n                                }\r\n\r\n                                if (modules[2].Count \u003E 0)\r\n                                {\r\n                                    moduleSuggestions[1] = modules[2][0];\r\n                                }\r\n\r\n                                for (int i = 0; i \u003C modules[1].Count; i\u002B\u002B)\r\n                                {\r\n                                    moduleSuggestions.Add(modules[1][i]);\r\n                                }\r\n\r\n                                for (int i = 0; i \u003C modules[3].Count; i\u002B\u002B)\r\n                                {\r\n                                    moduleSuggestions.Add(modules[3][i]);\r\n                                }\r\n\r\n                                if (reader.BaseStream.Position - (labelAddress - 8 - dataLength) \u003C dataLength)\r\n                                {\r\n                                    try\r\n                                    {\r\n                                        header = reader.ReadString();\r\n                                    }\r\n                                    catch { }\r\n                                }\r\n                            }\r\n\r\n\r\n                            if (header == \u0022#Attachments\u0022)\r\n                            {\r\n                                int attachmentCount = reader.ReadInt32();\r\n\r\n                                for (int i = 0; i \u003C attachmentCount; i\u002B\u002B)\r\n                                {\r\n                                    Attachment att = ReadAttachment(reader, fileName);\r\n\r\n                                    moduleSuggestions.Add((\u0022@Attachment\u0022, new Dictionary\u003Cstring, object\u003E() { { \u0022Attachment\u0022, att } }));\r\n                                }\r\n                            }\r\n                        }\r\n                    }\r\n                }\r\n                catch { }\r\n\r\n                fs.Seek(0, SeekOrigin.Begin);\r\n\r\n                return new TreeCollection(fs);\r\n            }\r\n            else\r\n            {\r\n                return BinaryTree.ParseTrees(fs, progressAction: progressAction);\r\n            }\r\n        }\r\n\r\n        private static Attachment ReadAttachment(BinaryReader reader, string fileName)\r\n        {\r\n            string name = reader.ReadString();\r\n\r\n            int flagCount = reader.ReadInt32();\r\n\r\n            bool storeInMemory = false;\r\n            bool cacheResults = false;\r\n\r\n            for (int i = 0; i \u003C flagCount; i\u002B\u002B)\r\n            {\r\n                bool flag = reader.ReadBoolean();\r\n\r\n                if (i == 0)\r\n                {\r\n                    storeInMemory = flag;\r\n                }\r\n                else if (i == 1)\r\n                {\r\n                    cacheResults = flag;\r\n                }\r\n            }\r\n\r\n            int length = reader.ReadInt32();\r\n\r\n            if (storeInMemory)\r\n            {\r\n                byte[] data = reader.ReadBytes(length);\r\n\r\n                Stream ms = new MemoryStream(data);\r\n\r\n                return new Attachment(name, cacheResults, storeInMemory, ref ms);\r\n            }\r\n            else\r\n            {\r\n                long streamStart = reader.BaseStream.Position;\r\n\r\n                return new Attachment(name, cacheResults, fileName, streamStart, length);\r\n            }\r\n        }\r\n    }\r\n}\r\n","AdditionalReferences":["System.Runtime.dll","System.Private.CoreLib.dll","netstandard.dll","System.Collections.dll","TreeViewer.dll","PhyloTree.TreeNode.dll","System.Security.Cryptography.Algorithms.dll"],"SourceSignature":"H45JM6hoaSRqVzbTzKeb2tjUFtfSDoEl6Pd2wxLBz3a6lJrIl7oxQBu\u002Bmbkyb3Z3EEZ4FDfIj70v9mRiM2T5zEv\u002B2ktJv61pTqHsbjVc9ZF7jsjq35NxPHq6ZiBHZVoX9v7GgNnu4RmVVYJtZRV4Pi8dCt\u002B1dK\u002BKdRApTJyCkiqJUHEd6iTfJ4uHONyScnmG3K4Zt\u002BeS74liYyOFDKtvREGTkp5fw2XDgl/IRwE\u002B5Ou5IVwcy6x8jWuolwEu0RP1/Vm/PFiiQzL1lTfH6UK3qWxmdcIAT07Ern66ZVusY3WrKmd3jYOyJ8EKdizafKGdIwEgkgL7pikHkqu043sxfp9PzIIzravXFLFL9BGEZAnlJB5q0Uk1vw7CASDjrxjc\u002BwBVeWGuW6FtyKDp2PHJtr0ZP7iZrqdNR1hSY27qbtBglZlpsn8x8U95R\u002BK/GerlZiX7ZscoJoDuZKvzSxyV/iJzKYQqb3BCXfmwoT1N3VPNiGDwOmArxaDBS73IV95BPUxsFMJakaQym8QPbO20FEzQOMAzgtlLfPUk8vC6XgdwW4XnKaD3uBTwwr/m0/P\u002BJf2/GLWJ\u002BUGPSpF9C4rBMLTxZ8PQ1OiVCJgw9dy7Egrrx0Qs0UDsVKI1G/K4a7bwqXKjnivwxviy8Werkivv0VAhowSQssRIBR1rHQl4meM=","ReferenceSignatures":["mUMdFT\u002B4NaXQVMENao7HWj\u002BpJ\u002BmEHKGLaT6LtJPDgDcLNOAvdSeeV1HTuEoeO6WMugJ6B\u002B1fDQ5v0iX/sYIH7rUPKZsEoBJbHrnV5Ovrg8FbJOHPCNSPf0e9oHk91fKLCORnLvLL5Nz0Kqec4uSLHOWY8jKdXz7rbmzqYTuZhijeUemcwVJB1mcNyKOUDj1T54o1So\u002B3KxZMoequ\u002BGEwhR4FevjdVWgCtk3Ih4v9KSjsi\u002B5X69Rdqrhm2wNnoTNpGMWdsLYp1AHG6j2\u002BwBtJHNv9lK6CJvY7LpUBkqgaLrIo/vHrva5wzFut8cCppZJl/BxJknRPSnmxgLdyyH5sBNB\u002BZGiTZz6Y2asOFyxFEO8bh/cRq9CRVb92\u002BFNUGZFCmNN5D5TyElwlJhuLPEcjyuIEgO4Og8mbuV3iz0BL9lpaKAuFFO5DYa1SW3z5cyzrNq26VuGTLSRMu8Q3hia7iw47KqHTymWwyl/WWsoYH9n0a32S78BMuaIrSMHANM8ux3j\u002BQgLrgFPx69lIYsHeoaUoYhct6vtC75uBtMywnmjN6hnc/GjkvX1Qs7Pfgst5F4u78T8ytkTQKWrhABn6EIgnr97gN5NCqQxUIcDkNvD3fQi1pmDlCJ6PUnyu7Wy0YSbUddQgWGeS95EPibpPTAi8HYHFC6GBgOw4oDklIg4=","poZc7/EKdtgQ5MvOiH78JXFLmYV9\u002BM0rxsKCuTSSgmTTF1LhFEAWIkbVKYuicph5mMhBKA6noNTAYClC/DU6yI9oaqoDH1lv4xbXhDCOtMltT6CkaaF/VyjTPxA0HAJTSa\u002BzGBj/jSgISgbE2xD9zg01jrJE9j\u002BShgJrkCxP16\u002B4I\u002BjCOE9nrmzD8jFFkSMb0qHINTxmu0CN9e/DuAJ1Spj2Equk2kt0wh9LHrHzWc\u002BmjPy3TndIetRyaNO3VzwORNLS4mZ7LDZcgLGo/irzj1mQQ2v9HbvaE9gXGss/nEXYbO8CIK1UB1roK1fLjTtK6MHHWpFSGy4jQpdM1VjEZ\u002B89rl0pU9gEO16qBAda7yoO4In8vM6K5mps\u002B5vs1FEApCW/TwroA688mtn6VWLB5tZGlVQ\u002B1ufRqfH0M36K9LPJArfXr707HSKthNOijt0b6GaGzgqcvJr7I79yIljZG7v07a\u002BxwLpi43caMErDMDu/wd6LAFM\u002BzXvUbtR95oZ58FCnPDAkJz3zkfbr2EGj3Z3lLH/Zo7gUpNtpWgMlsYkERdc0yQcSDUm/9e7JQoZsdHepRWG9pZk9UCh4Rl521h4eeUoU9k3Rf4voIy7BtfscqVJk2Ik69rcdKf387O6SQ5/j955jenshp5gUpCGLGxShg8ySwZ0ufTQ02nCom0E=","QoVE9AomNqe0pMhK0b3Q23KqEqDWp75g4as0PTWRH0\u002BMAfpzhV1oW57G9I9ibCvg3MyNhDuQREXMkYC1cH0vhe/Ra6jmTPaerzeltaStBI/wNVxMC2cYrtZjeypx8lC5p7vRDrEiCvQk/D3RK5N9mvxzZZUjBBx5NFsy4SkFVJ2R/Ur59MpCoKXIXkC\u002B2qQ35uBEnxPYeyOdeziLRMpAbE/RCQx3TtsXbbJyuuuasenR6vwrpN\u002Bin8diM1HDKtLS\u002BFhBhWMi55AcneOLTQosj8O4du1NqfY5l3I7MtjYSRrqnaCmo2tep3/Tt699okj6GJkW7hJL6gsatGs1np/6Sd5P2m0DWtiO/7aFEx3aFWjApJBuP4cXlVK2TFI8x7x8oMcSaH7Qrg3iwBW/D9vui0lVkY4Xx6WTBssQ\u002BwwQWkFy2zbS16DTBbC1FT6edEV5MWGcU1hlFEGu9lw5D6oZ7NcQejg6A6DT1M2tUy\u002BlxU6fIrf1tCKDA1nGT3PYJnsTjz6ZhjeMExMk7NZ8TBBVm6pEeEtq5jucmdkhzohfE85lKinOuRIknWNgNedjn20u8P\u002BpJMzXWqkLZnCV3CuBQjR\u002Bz4sbsikS8dPUQ5vrDoIa3PW\u002BcZGPH3h0Mw\u002BhTnZ/2GgNL96rO8izLWZ/YFB7WpAMPm\u002B\u002B4dZrIpZUyKGxHdk=","MTPdtl/zndA3XY4vp0k6SakLl3aQVzkXACUWValwEr1n6w82OsfZOvhlouPBZ/TC\u002BHdD3ZoMMz4dCplukoeJHlX2Y6Z7knu4d9QM/jBEHp/RYqdRuaQgxMQH7OEPBKxCMnYT5scF95x3wmflEFnErld1X49wsTofkPTM3cax7C60ItzM1WwvBb76ul096RchdlyGuXXoMqO5TbsbEAzURbQ56IkVgi3xlAW1B7jWwm34\u002BgwEs\u002BfupRtMJRChtT7PyN6VLlYgvTnX\u002BCcfclSHUmp6IeBpP7212wPMfQaWIoyw4fhsAjVq6hcJ2dwnKEw6ydjUk6piDqsv9VEB0Q1l/SQfJmBp4jLkddG2EU7Ca3AVbfzoY\u002BRIe4vBpRrqYQcxhVy1RPrY//DVQG2kqIIurtrOKhd2Da4/7YWSN0gkfKEYaazzzn6ATxfrnDotj\u002B\u002B0MtMjhiZJwSGzxhoR2p8tTaRSpFfoosUoh6FOQK7/lMzQuNqQA8eD/Qc9xfwHMZaMryoyK7QBTgW5MwzDg8CqkL6hfwTSKxn4PpSAI/uLeMo9ph\u002BK/GD3avwQg4spy3xW7FPG1nclJHbEY94Ec68FVDIvhbfwqg2FXn9AtPE7a7l\u002Bx\u002BDfTRjbpGyJBT6m\u002BmMUPyMu8VO7eHqefYWXSk9lUNiZ6\u002Bw4EAwsAqs9cm1Q8Tg=","Jc65smFmEbfZkDgPffRuewNydG3eIbWx\u002BCioCStvbRAhEsVAEYuvHo1cJbpxzMdwHLsv7rbj\u002BO9wz1U\u002BK8vdNXDQe5M74JVgCz5KFH21mkfdjJD3oFCgEtZBhLZWkw0BXE6bFoGdRUW9Odf37skUdt9BeQRzB\u002B73yNSxgHlp9JtvBn4iQUsBzzwoYGRy0ogPsMRad8F9C810iPkePhz1\u002BbAWetJQH1unFIDZkOvK6DRu1z90A1i\u002BuFL5kDlIvBTY7MOmM3M/RRsfLuNzekJ/GsFlVNAiX7fwdNV0hATmKa2cat0pyiN71GTVviX9N0hIIrd/paf9pBUUMjHGv\u002BUtZi3aTzDZV2\u002BNkx\u002BHktXp4f7FBh2JAReYqky1rVA081IPqhZi90jdCDitKORo5caQIieNMtKgswRPt3kD/9jkNikYx7AMBP1ayGbAR0xXmcV\u002B8TYcRw8mHLRuCBQsF\u002BSYnR1J6Lgh0GHuoyv3teVpbkzY7eL0mkIfo0P8FXsW86LvaGmuXE/0CLMps18rr6mQtycofrf6G\u002BNKgjSPBjOrVQqcCN5e5V029JODbWFiBrCsw5XkSUf9Leq0aBktqC7LfTcFbAOak3s5dt\u002BzJ3LddXroukScTvwUQTs3mbmck6bVvUoRF1WfO1WHI\u002BZZ/trBAoHIVzVh4fVZ9bJ9hVa\u002BAgQ=","hucWcbfRwvJKaHP/pnQp//jZ8yDRbd2FlMsscfXCR\u002BitCg3aW15o8fhpLunYbdFIGzPF24KhH\u002BU/kYl/zhAxyhzK5Z87LC8zoA05fKo5et4rDdHZKpNR\u002B7P11MGRUZgDy44EYFRCAA\u002B30iGF3Nl1X7iyXVzxHS8WxUkjEb/pqpgKkpaKlWYkiawRSkRGS3UsBLNbroJii8s7SwOcBH20yi2MEdZlxLlbIwq\u002Bf2N1hvLnnEx2x5/UyNqb9TZUGWij5cYJ7wGiq7tzN\u002BTomhsT/8hnjaNWiv/xlHzbl7y7nO\u002BtbUOMu/qMSJk9m3MiyOIQwG/oFIjuxMo6kXLZkweMBdqHpW78cBitL/57ZL6kT9FReJJ7kVb2MKmf4cRvG5BGQtkL2\u002BS//0TVc0aeBjxuKYPHsN7n4voba0gFWm9QyQEBHZncgBYpDxPfc9vk9im\u002BJQxH\u002BeHttBiVbKZCGAzSefgxBj0KiPIvqPcmCNiP3PPS48xnC31qoqi/hUqJYYhb4r1sofzP1a7Eho8uEy3GZe0ozGjbsH/DXCi535r9wkGseZe3okIONvEKr6KGVrQDcHFTnsvwmdoli9XJ27\u002BYrS9aZE6lqGoqN0G1SQsXO/m1eh6glSPDTrWH729dP1hNHMjbaFYKkfPNEoIGpDEwWjorDrVhZNWx4mJntN7sEX4=","oltcgH/qgkScSufebUVnIrxesnQw0o/7Ky8Z1yRobRNlaLWQUkC/u8vrrOA5L4Nju/fx/caJn9UJzzxzKabnaIkMPh\u002B0jvkBY6Vvy2ksplO3f\u002Bx\u002BjpdhIwYYUS95uPY3LRUREcJOAJguC6Z0R5Qmxtsn\u002Bj6jTy/R9bFWN8sbS\u002BWjR0eVqPVxluD9zNYGuQzU79Rd\u002BNwcjk5psTd56eeCyDh/ttGOymbRbGYSauA4JMbja6PeWoDE4j56nlPP7FBqmMBWimsZFFaBCJsPcy6eM\u002BvmSirvT0TOrQ/3733vCTPtY8nE0yXfHuD93fgilR7lbNW7iBb51GZPNCwiUveINSF9JEaxVJv0bfL0OQdMC9kRMMod3bnezVYpAMbjbtxxkJdU5Wgifk8NE99QuBkIwhfNzfQZXr40Diy\u002Bsff6x9klvLC4xzHLUo26GKOTKlvoYN/GuzAdSQptWxOTL9QbB1IFK9HRsQYnxq6T6hNg\u002Bj5DCSONqT63mTOMevP3lSafRbz893UQR7JqShyJeAPqBy8JjJ6p/lxiOHKP0iv/Pdy6uZy2pSVsa686MIebMLiidzbbiCsy/Yb2PK2o6V78DwPBargjv8FjjG/Qa8x4TGgf1kQE/675rMEYMm16nSW7F8wxOn\u002BI3yFtfHg88MFm5FoxYbolyx7zFlBEAebqDJk="],"Author":"Giorgio Bianchini","Version":"1.0.0"}