{"Id":"45e08b70-0852-4141-ac67-8c8cd574926d","Name":"Resolve polytomy","HelpText":"Resolves a polytomy in the tree.","ModuleType":3,"SourceCode":"using System;\r\nusing System.Collections.Generic;\r\nusing PhyloTree;\r\nusing TreeViewer;\r\n\r\nnamespace a45e08b7008524141ac678c8cd574926d\r\n{\r\n    /// \u003Csummary\u003E\r\n    /// This module is used to resolve a polytomy in the tree. The polytomy is resolved by specifying two nodes that\r\n    /// will be joined together. If the two nodes are not siblings or are not part of a polytomy, nothing is done.\r\n    /// \u003C/summary\u003E\r\n    public static class MyModule\r\n    {\r\n        public const string Name = \u0022Resolve polytomy\u0022;\r\n        public const string HelpText = \u0022Resolves a polytomy in the tree.\u0022;\r\n        public const string Author = \u0022Giorgio Bianchini\u0022;\r\n        public static Version Version = new Version(\u00221.0.0\u0022);\r\n        public const ModuleTypes ModuleType = ModuleTypes.FurtherTransformation;\r\n\r\n        public const string Id = \u002245e08b70-0852-4141-ac67-8c8cd574926d\u0022;\r\n\r\n        public static bool Repeatable { get; } = true;\r\n\r\n        public static List\u003C(string, string)\u003E GetParameters(TreeNode tree)\r\n        {\r\n            List\u003Cstring\u003E leafNames = tree.GetLeafNames();\r\n\r\n            return new List\u003C(string, string)\u003E()\r\n            {\r\n                /// \u003Cparam name=\u0022Node 1:\u0022\u003E\r\n                /// This parameter determines the first node that will be joined. The two nodes must be siblings and part of a polytomy.\r\n                /// \u003C/param\u003E\r\n                (\u0022Node 1:\u0022, \u0022Node:[\u0022 \u002B System.Text.Json.JsonSerializer.Serialize(leafNames[0]) \u002B\u0022,\u0022 \u002B System.Text.Json.JsonSerializer.Serialize(leafNames[^1]) \u002B \u0022]\u0022),\r\n                \r\n                /// \u003Cparam name=\u0022Node 2:\u0022\u003E\r\n                /// This parameter determines the second node that will be joined. The two nodes must be siblings and part of a polytomy.\r\n                /// \u003C/param\u003E\r\n                (\u0022Node 2:\u0022, \u0022Node:[\u0022 \u002B System.Text.Json.JsonSerializer.Serialize(leafNames[0]) \u002B\u0022,\u0022 \u002B System.Text.Json.JsonSerializer.Serialize(leafNames[^1]) \u002B \u0022]\u0022),\r\n\r\n                /// \u003Cparam name=\u0022Position:\u0022\u003E\r\n                /// This parameter determines the length of the branch that resolves the polytomy.\r\n                /// \u003C/param\u003E\r\n                (\u0022Position:\u0022, \u0022Slider:0.5[\\\u00220\\\u0022,\\\u00221\\\u0022,\\\u0022{0:P0}\\\u0022]\u0022),\r\n                \r\n                /// \u003Cparam name=\u0022Apply\u0022\u003E\r\n                /// Applies the changes to the other parameter values and triggers an update of the tree.\r\n                /// \u003C/param\u003E\r\n                (\u0022Apply\u0022, \u0022Button:\u0022)\r\n            };\r\n        }\r\n\r\n        public static bool OnParameterChange(object tree, Dictionary\u003Cstring, object\u003E previousParameterValues, Dictionary\u003Cstring, object\u003E currentParameterValues, out Dictionary\u003Cstring, ControlStatus\u003E controlStatus, out Dictionary\u003Cstring, object\u003E parametersToChange)\r\n        {\r\n            controlStatus = new Dictionary\u003Cstring, ControlStatus\u003E();\r\n            parametersToChange = new Dictionary\u003Cstring, object\u003E() { { \u0022Apply\u0022, false } };\r\n\r\n            return previousParameterValues[\u0022Node 1:\u0022] != currentParameterValues[\u0022Node 1:\u0022] || previousParameterValues[\u0022Node 2:\u0022] != currentParameterValues[\u0022Node 2:\u0022] || (bool)currentParameterValues[\u0022Apply\u0022];\r\n        }\r\n\r\n        public static void Transform(ref TreeNode tree, Dictionary\u003Cstring, object\u003E parameterValues)\r\n        {\r\n            string[] node1Elements = (string[])parameterValues[\u0022Node 1:\u0022];\r\n            TreeNode node1 = tree.GetLastCommonAncestor(node1Elements);\r\n\r\n            string[] node2Elements = (string[])parameterValues[\u0022Node 2:\u0022];\r\n            TreeNode node2 = tree.GetLastCommonAncestor(node2Elements);\r\n\r\n            if (node1 == null || node2 == null)\r\n            {\r\n                throw new Exception(\u0022Could not find the requested node! If you have changed the Name of some nodes, please select the node again!\u0022);\r\n            }\r\n\r\n            if (node1.Parent != node2.Parent)\r\n            {\r\n                throw new Exception(\u0022The two selected nodes are not siblings!\u0022);\r\n            }\r\n\r\n            if (node1 == node2)\r\n            {\r\n                throw new Exception(\u0022The two nodes are the same!\u0022);\r\n            }\r\n\r\n            if (node1.Parent.Children.Count \u003C= 2)\r\n            {\r\n                throw new Exception(\u0022The two selected nodes are not part of a polytomy!\u0022);\r\n            }\r\n\r\n            double position = (double)parameterValues[\u0022Position:\u0022];\r\n\r\n            double branchLength = Math.Min(node1.Length, node2.Length) * position;\r\n\r\n            TreeNode newParent = new TreeNode(node1.Parent);\r\n            newParent.Length = branchLength;\r\n\r\n            node1.Parent.Children.Remove(node1);\r\n            node1.Parent.Children.Remove(node2);\r\n\r\n            newParent.Children.Add(node1);\r\n            newParent.Children.Add(node2);\r\n\r\n            TreeNode oldParent = node1.Parent;\r\n\r\n            node1.Parent = newParent;\r\n            node2.Parent = newParent;\r\n\r\n            node1.Length -= branchLength;\r\n            node2.Length -= branchLength;\r\n\r\n            oldParent.Children.Add(newParent);\r\n        }\r\n    }\r\n}\r\n","AdditionalReferences":["System.Runtime.dll","System.Private.CoreLib.dll","netstandard.dll","System.Collections.dll","TreeViewer.dll","PhyloTree.TreeNode.dll","System.Text.Json.dll"],"SourceSignature":"akcyzpDuCXIPqtAMjR0HuBQi\u002Ba4Y5SUiDEV2q7mfNyqVtw\u002BpFQF5xFw0RlPtuyvKWQVt64uCVJ7NAA/anfBK1ZOxCkFlHTHzlMiojOT0aE7zl5y0jeX3CP4Ef0RjpPpcEWbNZ9qNlgAdYgXjVX4XOh2jKcT7h\u002BK1DIL3GxQ16orQTbc0Jsw0wFiHZmccLU1a0veFzPnNeXNu/s\u002Bkn0oBAvKOaxJQ8ZvztJQmm0yfiZ7d71g7PDbg4580su0qSBAZhEGO\u002BKluetk0mQN1FWw9y4n8pZgYEn971N\u002BrAfw\u002BH0tqolpw5oYHzndUo5hLcxGQHyiguqgzB2uwk4IWNgL3UD9V1iJeMuRQYx7au8cq7J4sc4NG\u002BD857XawBSoBLY\u002BKVijvvyc5jHFUsHh8iV/kow3vCb/7xzP6vfxCobo6w1\u002Bq/tCNPabaSkZWlDGOnqgLRUEawUrnVrO7mvV9sdk30v\u002B9nQCmq/ZcAzyjXYy7TL3k00yjuqYdSp/D03oj8JSjbbUtJDUbTuEfEiGvSltQQcsQi8zEqz4/W5CeeF5zL76yCD1ogeDpAuaP8g0dpC2gcs4PCl5DXfhqW1yrnQNp2FMBpQ0eb/veJDe1CcK4RdBIzRavTahFi/2iy49PAt0JAApJx/5\u002BpE8ftYKBQ9WxeddjBy9BvmCOdSUhRT4Zbws=","ReferenceSignatures":["mUMdFT\u002B4NaXQVMENao7HWj\u002BpJ\u002BmEHKGLaT6LtJPDgDcLNOAvdSeeV1HTuEoeO6WMugJ6B\u002B1fDQ5v0iX/sYIH7rUPKZsEoBJbHrnV5Ovrg8FbJOHPCNSPf0e9oHk91fKLCORnLvLL5Nz0Kqec4uSLHOWY8jKdXz7rbmzqYTuZhijeUemcwVJB1mcNyKOUDj1T54o1So\u002B3KxZMoequ\u002BGEwhR4FevjdVWgCtk3Ih4v9KSjsi\u002B5X69Rdqrhm2wNnoTNpGMWdsLYp1AHG6j2\u002BwBtJHNv9lK6CJvY7LpUBkqgaLrIo/vHrva5wzFut8cCppZJl/BxJknRPSnmxgLdyyH5sBNB\u002BZGiTZz6Y2asOFyxFEO8bh/cRq9CRVb92\u002BFNUGZFCmNN5D5TyElwlJhuLPEcjyuIEgO4Og8mbuV3iz0BL9lpaKAuFFO5DYa1SW3z5cyzrNq26VuGTLSRMu8Q3hia7iw47KqHTymWwyl/WWsoYH9n0a32S78BMuaIrSMHANM8ux3j\u002BQgLrgFPx69lIYsHeoaUoYhct6vtC75uBtMywnmjN6hnc/GjkvX1Qs7Pfgst5F4u78T8ytkTQKWrhABn6EIgnr97gN5NCqQxUIcDkNvD3fQi1pmDlCJ6PUnyu7Wy0YSbUddQgWGeS95EPibpPTAi8HYHFC6GBgOw4oDklIg4=","poZc7/EKdtgQ5MvOiH78JXFLmYV9\u002BM0rxsKCuTSSgmTTF1LhFEAWIkbVKYuicph5mMhBKA6noNTAYClC/DU6yI9oaqoDH1lv4xbXhDCOtMltT6CkaaF/VyjTPxA0HAJTSa\u002BzGBj/jSgISgbE2xD9zg01jrJE9j\u002BShgJrkCxP16\u002B4I\u002BjCOE9nrmzD8jFFkSMb0qHINTxmu0CN9e/DuAJ1Spj2Equk2kt0wh9LHrHzWc\u002BmjPy3TndIetRyaNO3VzwORNLS4mZ7LDZcgLGo/irzj1mQQ2v9HbvaE9gXGss/nEXYbO8CIK1UB1roK1fLjTtK6MHHWpFSGy4jQpdM1VjEZ\u002B89rl0pU9gEO16qBAda7yoO4In8vM6K5mps\u002B5vs1FEApCW/TwroA688mtn6VWLB5tZGlVQ\u002B1ufRqfH0M36K9LPJArfXr707HSKthNOijt0b6GaGzgqcvJr7I79yIljZG7v07a\u002BxwLpi43caMErDMDu/wd6LAFM\u002BzXvUbtR95oZ58FCnPDAkJz3zkfbr2EGj3Z3lLH/Zo7gUpNtpWgMlsYkERdc0yQcSDUm/9e7JQoZsdHepRWG9pZk9UCh4Rl521h4eeUoU9k3Rf4voIy7BtfscqVJk2Ik69rcdKf387O6SQ5/j955jenshp5gUpCGLGxShg8ySwZ0ufTQ02nCom0E=","QoVE9AomNqe0pMhK0b3Q23KqEqDWp75g4as0PTWRH0\u002BMAfpzhV1oW57G9I9ibCvg3MyNhDuQREXMkYC1cH0vhe/Ra6jmTPaerzeltaStBI/wNVxMC2cYrtZjeypx8lC5p7vRDrEiCvQk/D3RK5N9mvxzZZUjBBx5NFsy4SkFVJ2R/Ur59MpCoKXIXkC\u002B2qQ35uBEnxPYeyOdeziLRMpAbE/RCQx3TtsXbbJyuuuasenR6vwrpN\u002Bin8diM1HDKtLS\u002BFhBhWMi55AcneOLTQosj8O4du1NqfY5l3I7MtjYSRrqnaCmo2tep3/Tt699okj6GJkW7hJL6gsatGs1np/6Sd5P2m0DWtiO/7aFEx3aFWjApJBuP4cXlVK2TFI8x7x8oMcSaH7Qrg3iwBW/D9vui0lVkY4Xx6WTBssQ\u002BwwQWkFy2zbS16DTBbC1FT6edEV5MWGcU1hlFEGu9lw5D6oZ7NcQejg6A6DT1M2tUy\u002BlxU6fIrf1tCKDA1nGT3PYJnsTjz6ZhjeMExMk7NZ8TBBVm6pEeEtq5jucmdkhzohfE85lKinOuRIknWNgNedjn20u8P\u002BpJMzXWqkLZnCV3CuBQjR\u002Bz4sbsikS8dPUQ5vrDoIa3PW\u002BcZGPH3h0Mw\u002BhTnZ/2GgNL96rO8izLWZ/YFB7WpAMPm\u002B\u002B4dZrIpZUyKGxHdk=","MTPdtl/zndA3XY4vp0k6SakLl3aQVzkXACUWValwEr1n6w82OsfZOvhlouPBZ/TC\u002BHdD3ZoMMz4dCplukoeJHlX2Y6Z7knu4d9QM/jBEHp/RYqdRuaQgxMQH7OEPBKxCMnYT5scF95x3wmflEFnErld1X49wsTofkPTM3cax7C60ItzM1WwvBb76ul096RchdlyGuXXoMqO5TbsbEAzURbQ56IkVgi3xlAW1B7jWwm34\u002BgwEs\u002BfupRtMJRChtT7PyN6VLlYgvTnX\u002BCcfclSHUmp6IeBpP7212wPMfQaWIoyw4fhsAjVq6hcJ2dwnKEw6ydjUk6piDqsv9VEB0Q1l/SQfJmBp4jLkddG2EU7Ca3AVbfzoY\u002BRIe4vBpRrqYQcxhVy1RPrY//DVQG2kqIIurtrOKhd2Da4/7YWSN0gkfKEYaazzzn6ATxfrnDotj\u002B\u002B0MtMjhiZJwSGzxhoR2p8tTaRSpFfoosUoh6FOQK7/lMzQuNqQA8eD/Qc9xfwHMZaMryoyK7QBTgW5MwzDg8CqkL6hfwTSKxn4PpSAI/uLeMo9ph\u002BK/GD3avwQg4spy3xW7FPG1nclJHbEY94Ec68FVDIvhbfwqg2FXn9AtPE7a7l\u002Bx\u002BDfTRjbpGyJBT6m\u002BmMUPyMu8VO7eHqefYWXSk9lUNiZ6\u002Bw4EAwsAqs9cm1Q8Tg=","m7hq2GGFqI0kqRsw3ErUnvi1kO3EZ7CyNQpt4GcnxyQ\u002BIomnMp8\u002BLKSpfncMA2ho5PhGVHwrMw3zQbtOfLjaM6\u002Bn2Y/B/MFyLJ6PIlNtP0PEpB6VCjhd5Ok2vSUWLOaZlmdCswUp0a2GDNpJLR8z5CF\u002BRe1pVYcODA5uRSkP\u002BpaYHS8b0/ImXK7xdBfYHDe7cBLVwRiED9ZGlRyZ6iahJ115BjfG5gCowHYAWZgXc34LuCMZqfJkUlfjn3GK0D4h/d16kd4hvMXSL4eC9GP0B00WDnUq5Y9fAjfmt\u002B61eEiOFL1nFrbWJ/\u002BLL/uWUrAqysbBW1ehHXN4wv\u002B/Cce9ST7YjuMT\u002B6q84eOitiVqTztNAZfve59Okw4mi9NHf2\u002BOEgDp7CUEt\u002BPd/Za5bzWW3I\u002BkvRJ2k\u002BhF\u002BLUdE0860ldkQaGc/cmUBJNf6vQNIo7qvXzVx0TwHuR8S08aJhEmBlKOVzNFZiF1lbNXF6eY3ul0XoNufKgZcbaaqmUKoXwXHO4A6FkYSoC5NCFnKA/rVyOnHOv8cMHUygvYHrEYriwkhcg8Pp4hp2wehZhPzsOiu1FSu8h/6Ci8\u002BimgKaqp2XPMqE5FMuUFtTDPAnYtAOJX9mNWeIYmInqQ84Pg7uotBwEi5Eb\u002BRmsXkQMscTePyGxDrYhr0R7iin\u002BwKwXSNeY=","hucWcbfRwvJKaHP/pnQp//jZ8yDRbd2FlMsscfXCR\u002BitCg3aW15o8fhpLunYbdFIGzPF24KhH\u002BU/kYl/zhAxyhzK5Z87LC8zoA05fKo5et4rDdHZKpNR\u002B7P11MGRUZgDy44EYFRCAA\u002B30iGF3Nl1X7iyXVzxHS8WxUkjEb/pqpgKkpaKlWYkiawRSkRGS3UsBLNbroJii8s7SwOcBH20yi2MEdZlxLlbIwq\u002Bf2N1hvLnnEx2x5/UyNqb9TZUGWij5cYJ7wGiq7tzN\u002BTomhsT/8hnjaNWiv/xlHzbl7y7nO\u002BtbUOMu/qMSJk9m3MiyOIQwG/oFIjuxMo6kXLZkweMBdqHpW78cBitL/57ZL6kT9FReJJ7kVb2MKmf4cRvG5BGQtkL2\u002BS//0TVc0aeBjxuKYPHsN7n4voba0gFWm9QyQEBHZncgBYpDxPfc9vk9im\u002BJQxH\u002BeHttBiVbKZCGAzSefgxBj0KiPIvqPcmCNiP3PPS48xnC31qoqi/hUqJYYhb4r1sofzP1a7Eho8uEy3GZe0ozGjbsH/DXCi535r9wkGseZe3okIONvEKr6KGVrQDcHFTnsvwmdoli9XJ27\u002BYrS9aZE6lqGoqN0G1SQsXO/m1eh6glSPDTrWH729dP1hNHMjbaFYKkfPNEoIGpDEwWjorDrVhZNWx4mJntN7sEX4=","IDO5COqGVjiUsWdH\u002BKSzwZymVku3jLxb3W3Mz\u002BK4ZtgPnIuXniy26DlLdKyZlFKZ0/WIkQAXU7zpixAMkrPAWOgaqJhC0fukEE5C46ackIb4DPO6pPxe6TASqZ7WBPrz48IY6dw3u6hCAq\u002B9YTJ0DC50SmXOc6A94/680NEnjK1n9OeQNx7phcZ3TfcSB0n1375JfWrdE3GoK33ZHFNGGBPeEhQLU\u002Boyw\u002B9QGzHKv\u002B\u002B2wIhrnv2yuM/gF3jOJ\u002B9WFLzyYJUbpiZToe1W4H21YnXunihwNfiQfx3g746StZzHdnSHPazg\u002B8oOjkEWbCxM0ocmO6Y/QzzVKoL\u002BeEQ857UjwZW/5cDM\u002Bgztuq4dF5yqhsGNO8lxlMna3K9KgK\u002BYUBVlKg/38jEVrkFVxYSWuZ8f1qSiNR2sfMjJ0WNytuN8Uce9TjFiryXv4LyUkeuTmck3HwJFR2xPee0c\u002B9GXfVRo4s0KYasIJGHzPd534WafqRBwGCRXKgjgg/K2lodUZR039xp/fqg2d9AikW1PyLBJSRjmXcBMY\u002BMcTCNeOsTqcl\u002BXIlp\u002BGdnD97bpa8Nq3k1UkjvpCSt93AfdEjWaLnPiBMXr/htWifHJeYCoWSe\u002B5/nhhr0i9XVmEvfMJXPOk6Ob5md1llGpP2FyGjHsnldwVkIt3Z8OdwUB2eUskww="],"Author":"Giorgio Bianchini","Version":"1.0.0"}