{"Id":"d46f9715-7453-4d3a-a498-caf69e7808bc","Name":"Add index","HelpText":"Adds the index of each leaf as an attribute on the tree.","ModuleType":3,"SourceCode":"using System;\nusing System.Collections.Generic;\nusing PhyloTree;\nusing TreeViewer;\n\nnamespace ad46f971574534d3aa498caf69e7808bc\n{\n    /// \u003Csummary\u003E\n    /// This module assigns to each leaf a number going from 1 to $n$ or from 0 to $n - 1$ (where $n$ is the number of leaves in the tree)\n    /// and stores it on the tree as an attribute with the specified name.\n    /// \u003C/summary\u003E\n    public static class MyModule\n    {\n        public const string Name = \u0022Add index\u0022;\n        public const string HelpText = \u0022Adds the index of each leaf as an attribute on the tree.\u0022;\n        public const string Author = \u0022Giorgio Bianchini\u0022;\n        public static Version Version = new Version(\u00221.0.0\u0022);\n        public const ModuleTypes ModuleType = ModuleTypes.FurtherTransformation;\n\n        public const string Id = \u0022d46f9715-7453-4d3a-a498-caf69e7808bc\u0022;\n\n        public static bool Repeatable { get; } = false;\n\n        public static List\u003C(string, string)\u003E GetParameters(TreeNode tree)\n        {\n            return new List\u003C(string, string)\u003E()\n            {\n                /// \u003Cparam name=\u0022Attribute name:\u0022\u003E\n                /// This parameter determines the name of the attribute where the index value is stored. If the attribute already exists,\n                /// it is overwritten.\n                /// \u003C/param\u003E\n                (\u0022Attribute name:\u0022, \u0022TextBox:Index\u0022),\n                \n                /// \u003Cparam name=\u0022Order:\u0022\u003E\n                /// This parameter determines the order in which the leaves of the tree are numbered.\n                /// \u003C/param\u003E\n                (\u0022Order:\u0022,\u0022ComboBox:0[\\\u0022Ascending\\\u0022,\\\u0022Descending\\\u0022]\u0022),\n                \n                /// \u003Cparam name=\u0022Start at:\u0022\u003E\n                /// This parameter determines whether the leaf indices go from 1 to $n$ or from 0 to $n - 1$. \n                /// \u003C/param\u003E\n                (\u0022Start at:\u0022,\u0022ComboBox:1[\\\u00220\\\u0022,\\\u00221\\\u0022]\u0022),\n                \n                /// \u003Cparam name=\u0022Apply\u0022\u003E\n                /// This button applies the changes to the other parameters and triggers a redraw of the tree.\n                /// \u003C/param\u003E\n                (\u0022Apply\u0022,\u0022Button:\u0022)\n            };\n        }\n\n        public static bool OnParameterChange(object tree, Dictionary\u003Cstring, object\u003E previousParameterValues, Dictionary\u003Cstring, object\u003E currentParameterValues, out Dictionary\u003Cstring, ControlStatus\u003E controlStatus, out Dictionary\u003Cstring, object\u003E parametersToChange)\n        {\n            controlStatus = new Dictionary\u003Cstring, ControlStatus\u003E();\n            parametersToChange = new Dictionary\u003Cstring, object\u003E() { { \u0022Apply\u0022, false } };\n\n            return (bool)currentParameterValues[\u0022Apply\u0022] || ((int)previousParameterValues[\u0022Order:\u0022] != (int)currentParameterValues[\u0022Order:\u0022]) || ((int)previousParameterValues[\u0022Start at:\u0022] != (int)currentParameterValues[\u0022Start at:\u0022]);\n        }\n\n        public static void Transform(ref TreeNode tree, Dictionary\u003Cstring, object\u003E parameterValues)\n        {\n            int order = (int)parameterValues[\u0022Order:\u0022];\n            string attributeName = (string)parameterValues[\u0022Attribute name:\u0022];\n            int startAt = (int)parameterValues[\u0022Start at:\u0022];\n\n            List\u003CTreeNode\u003E leaves = tree.GetLeaves();\n\n            for (int i = 0; i \u003C leaves.Count; i\u002B\u002B)\n            {\n                int index = -1;\n\n                if (order == 0)\n                {\n                    index = i \u002B startAt;\n                }\n                else if (order == 1)\n                {\n                    index = leaves.Count - 1 - i \u002B startAt;\n                }\n\n                leaves[i].Attributes[attributeName] = (double)index;\n            }\n        }\n    }\n}\n","AdditionalReferences":["System.Runtime.dll","System.Private.CoreLib.dll","netstandard.dll","System.Collections.dll","TreeViewer.dll","PhyloTree.TreeNode.dll"],"SourceSignature":"leeUeq2IAIixR0DfDZ8t5vF/AdNLmm0paXzR0pqbPuIpJKX3vCjx8ZCA3fCebxsx5jKwxfo0fV6\u002BSVwKNpHs0\u002BJ4qLg3ROxnndS/0\u002BRnp9p21Wm79dGKtFP1QsKyI7MvHE5sKvvUlMoUCI3uwlcTiKddyZnyrOZzNf30IToBnh\u002BfaS5k\u002BwihpO5SAB8pUU/sH4Knwhk2r077/eSPbSrLDSO82mGdU3D4xhnbTYDaskk85xg4QLsCKob79XZE6OfmKi2xV3px20cFrMDF2XLeT0BIixb86Jx8sJNc2zyonZX6wOfrB9CSnSAuGX8lO1QP9Brx5vPeE\u002B/3zZRaM4f5ojOD1N318Hkeld7FIgcf5PZmQlCiru6FUAb2OnoNTUoRUp1ZT02bt9HBj1L1wGhLwH0QJuu0mwNoQ8YElrj0YVxYvwTdFLHtalCsb6kxzkdHe0Oxga6C3bIeuksJwbzZX1Km8ss8LnlilcIFTd07w5mbh\u002B/Z8wlFVFDc8N3c4SFSe4hOU/ZDywz3Bs4t9qa7Px2rKyZEb0LSOpRuz7xXsmocqL6p5uTMUJ1bd939RTv\u002BbTmVYOK8Z12hAaQRBn339qmStuNmOHjyLFCgz8\u002BpBvpvnmbv74pcMJt06z238piRLYUMWaXA4RoeaCHenKYCzzVF4x\u002B7u6J9gXqalCyfq7I=","ReferenceSignatures":["mUMdFT\u002B4NaXQVMENao7HWj\u002BpJ\u002BmEHKGLaT6LtJPDgDcLNOAvdSeeV1HTuEoeO6WMugJ6B\u002B1fDQ5v0iX/sYIH7rUPKZsEoBJbHrnV5Ovrg8FbJOHPCNSPf0e9oHk91fKLCORnLvLL5Nz0Kqec4uSLHOWY8jKdXz7rbmzqYTuZhijeUemcwVJB1mcNyKOUDj1T54o1So\u002B3KxZMoequ\u002BGEwhR4FevjdVWgCtk3Ih4v9KSjsi\u002B5X69Rdqrhm2wNnoTNpGMWdsLYp1AHG6j2\u002BwBtJHNv9lK6CJvY7LpUBkqgaLrIo/vHrva5wzFut8cCppZJl/BxJknRPSnmxgLdyyH5sBNB\u002BZGiTZz6Y2asOFyxFEO8bh/cRq9CRVb92\u002BFNUGZFCmNN5D5TyElwlJhuLPEcjyuIEgO4Og8mbuV3iz0BL9lpaKAuFFO5DYa1SW3z5cyzrNq26VuGTLSRMu8Q3hia7iw47KqHTymWwyl/WWsoYH9n0a32S78BMuaIrSMHANM8ux3j\u002BQgLrgFPx69lIYsHeoaUoYhct6vtC75uBtMywnmjN6hnc/GjkvX1Qs7Pfgst5F4u78T8ytkTQKWrhABn6EIgnr97gN5NCqQxUIcDkNvD3fQi1pmDlCJ6PUnyu7Wy0YSbUddQgWGeS95EPibpPTAi8HYHFC6GBgOw4oDklIg4=","poZc7/EKdtgQ5MvOiH78JXFLmYV9\u002BM0rxsKCuTSSgmTTF1LhFEAWIkbVKYuicph5mMhBKA6noNTAYClC/DU6yI9oaqoDH1lv4xbXhDCOtMltT6CkaaF/VyjTPxA0HAJTSa\u002BzGBj/jSgISgbE2xD9zg01jrJE9j\u002BShgJrkCxP16\u002B4I\u002BjCOE9nrmzD8jFFkSMb0qHINTxmu0CN9e/DuAJ1Spj2Equk2kt0wh9LHrHzWc\u002BmjPy3TndIetRyaNO3VzwORNLS4mZ7LDZcgLGo/irzj1mQQ2v9HbvaE9gXGss/nEXYbO8CIK1UB1roK1fLjTtK6MHHWpFSGy4jQpdM1VjEZ\u002B89rl0pU9gEO16qBAda7yoO4In8vM6K5mps\u002B5vs1FEApCW/TwroA688mtn6VWLB5tZGlVQ\u002B1ufRqfH0M36K9LPJArfXr707HSKthNOijt0b6GaGzgqcvJr7I79yIljZG7v07a\u002BxwLpi43caMErDMDu/wd6LAFM\u002BzXvUbtR95oZ58FCnPDAkJz3zkfbr2EGj3Z3lLH/Zo7gUpNtpWgMlsYkERdc0yQcSDUm/9e7JQoZsdHepRWG9pZk9UCh4Rl521h4eeUoU9k3Rf4voIy7BtfscqVJk2Ik69rcdKf387O6SQ5/j955jenshp5gUpCGLGxShg8ySwZ0ufTQ02nCom0E=","QoVE9AomNqe0pMhK0b3Q23KqEqDWp75g4as0PTWRH0\u002BMAfpzhV1oW57G9I9ibCvg3MyNhDuQREXMkYC1cH0vhe/Ra6jmTPaerzeltaStBI/wNVxMC2cYrtZjeypx8lC5p7vRDrEiCvQk/D3RK5N9mvxzZZUjBBx5NFsy4SkFVJ2R/Ur59MpCoKXIXkC\u002B2qQ35uBEnxPYeyOdeziLRMpAbE/RCQx3TtsXbbJyuuuasenR6vwrpN\u002Bin8diM1HDKtLS\u002BFhBhWMi55AcneOLTQosj8O4du1NqfY5l3I7MtjYSRrqnaCmo2tep3/Tt699okj6GJkW7hJL6gsatGs1np/6Sd5P2m0DWtiO/7aFEx3aFWjApJBuP4cXlVK2TFI8x7x8oMcSaH7Qrg3iwBW/D9vui0lVkY4Xx6WTBssQ\u002BwwQWkFy2zbS16DTBbC1FT6edEV5MWGcU1hlFEGu9lw5D6oZ7NcQejg6A6DT1M2tUy\u002BlxU6fIrf1tCKDA1nGT3PYJnsTjz6ZhjeMExMk7NZ8TBBVm6pEeEtq5jucmdkhzohfE85lKinOuRIknWNgNedjn20u8P\u002BpJMzXWqkLZnCV3CuBQjR\u002Bz4sbsikS8dPUQ5vrDoIa3PW\u002BcZGPH3h0Mw\u002BhTnZ/2GgNL96rO8izLWZ/YFB7WpAMPm\u002B\u002B4dZrIpZUyKGxHdk=","MTPdtl/zndA3XY4vp0k6SakLl3aQVzkXACUWValwEr1n6w82OsfZOvhlouPBZ/TC\u002BHdD3ZoMMz4dCplukoeJHlX2Y6Z7knu4d9QM/jBEHp/RYqdRuaQgxMQH7OEPBKxCMnYT5scF95x3wmflEFnErld1X49wsTofkPTM3cax7C60ItzM1WwvBb76ul096RchdlyGuXXoMqO5TbsbEAzURbQ56IkVgi3xlAW1B7jWwm34\u002BgwEs\u002BfupRtMJRChtT7PyN6VLlYgvTnX\u002BCcfclSHUmp6IeBpP7212wPMfQaWIoyw4fhsAjVq6hcJ2dwnKEw6ydjUk6piDqsv9VEB0Q1l/SQfJmBp4jLkddG2EU7Ca3AVbfzoY\u002BRIe4vBpRrqYQcxhVy1RPrY//DVQG2kqIIurtrOKhd2Da4/7YWSN0gkfKEYaazzzn6ATxfrnDotj\u002B\u002B0MtMjhiZJwSGzxhoR2p8tTaRSpFfoosUoh6FOQK7/lMzQuNqQA8eD/Qc9xfwHMZaMryoyK7QBTgW5MwzDg8CqkL6hfwTSKxn4PpSAI/uLeMo9ph\u002BK/GD3avwQg4spy3xW7FPG1nclJHbEY94Ec68FVDIvhbfwqg2FXn9AtPE7a7l\u002Bx\u002BDfTRjbpGyJBT6m\u002BmMUPyMu8VO7eHqefYWXSk9lUNiZ6\u002Bw4EAwsAqs9cm1Q8Tg=","RKzOZM6zu2/Ost\u002BcCd/MaQWLUZ9k03RGgPtfF2wA1h2v4bMJdLu\u002BgfqYaCyYefzOqHafTWzCuSSQeGx5M/wlWLiIQH2GXkk65DgXCbiHsAdWQ7s2xEzecxfHI2xC67hoTMPZDMNkqqPt0gLHoTnLvOibdETEVK2SbojzxeAjEh6Eo3Wb7/sW\u002BY6a4UBouTbu2AFBWWrjihHG7huagXZZBRnNyS2TAcG8QvIGAEIlvUtaW5Ro2uRmAXFNNMlV1qoRs6ixbF9XDTZQppiXTY2PbkiD/8lgnyZDaJRVsY4OXK\u002BJag/UGAu7ARiPVrT1tpv7UmUY/vZJUcRccogMmDLSKIGTTZxL3NArQwiRCV0fUk21r0ERBr4\u002Bg2lQffP7aCFKushAfVijdB/YsbbHUHvanXmMN9v6sVA4mqIbxWfiycqtymbDWVHrMA0TDQwLYF8MSAKnNg\u002BFxQo7eW21pnmOP2z78y9ijJTqxCXQQqOKQeBMLM1aLiHYZS2fI8NQQCOxJ1dKoodHuhqQ48pyaNmeRE\u002B3wg1XzgxWxDgkrnMQRyGky4VcU9Ik1dJmefoMv0USLT9W391vPhCC0hswBnIBgI8xjpFtBjkUQK31q79Pchb/\u002Bvwc6jsbqJ3QvyRCGGagv4oxyY/Cdk4pAang3lcmqahI4u1/fBQDxG0Ya64sTkU=","hucWcbfRwvJKaHP/pnQp//jZ8yDRbd2FlMsscfXCR\u002BitCg3aW15o8fhpLunYbdFIGzPF24KhH\u002BU/kYl/zhAxyhzK5Z87LC8zoA05fKo5et4rDdHZKpNR\u002B7P11MGRUZgDy44EYFRCAA\u002B30iGF3Nl1X7iyXVzxHS8WxUkjEb/pqpgKkpaKlWYkiawRSkRGS3UsBLNbroJii8s7SwOcBH20yi2MEdZlxLlbIwq\u002Bf2N1hvLnnEx2x5/UyNqb9TZUGWij5cYJ7wGiq7tzN\u002BTomhsT/8hnjaNWiv/xlHzbl7y7nO\u002BtbUOMu/qMSJk9m3MiyOIQwG/oFIjuxMo6kXLZkweMBdqHpW78cBitL/57ZL6kT9FReJJ7kVb2MKmf4cRvG5BGQtkL2\u002BS//0TVc0aeBjxuKYPHsN7n4voba0gFWm9QyQEBHZncgBYpDxPfc9vk9im\u002BJQxH\u002BeHttBiVbKZCGAzSefgxBj0KiPIvqPcmCNiP3PPS48xnC31qoqi/hUqJYYhb4r1sofzP1a7Eho8uEy3GZe0ozGjbsH/DXCi535r9wkGseZe3okIONvEKr6KGVrQDcHFTnsvwmdoli9XJ27\u002BYrS9aZE6lqGoqN0G1SQsXO/m1eh6glSPDTrWH729dP1hNHMjbaFYKkfPNEoIGpDEwWjorDrVhZNWx4mJntN7sEX4="],"Author":"Giorgio Bianchini","Version":"1.0.0"}