{"Id":"70ea5221-9faf-4792-b428-5fee9aa1a001","Name":"Compute node ages","HelpText":"Computes node ages.","ModuleType":3,"SourceCode":"using System;\r\nusing System.Collections.Generic;\r\nusing System.Linq;\r\nusing PhyloTree;\r\nusing TreeViewer;\r\nusing VectSharp;\r\n\r\nnamespace NodeAges\r\n{\r\n    /// \u003Csummary\u003E\r\n    /// This module computes the ages of nodes, based on the branch lengths in the tree. The ages can be computed\r\n    /// either as a distance from the root of the tree, or as the distance in time from the most recent tip of\r\n    /// the tree.\r\n    /// \u003C/summary\u003E\r\n\r\n    public static class MyModule\r\n    {\r\n        public const string Name = \u0022Compute node ages\u0022;\r\n        public const string HelpText = \u0022Computes node ages.\u0022;\r\n        public const string Author = \u0022Giorgio Bianchini\u0022;\r\n        public static Version Version = new Version(\u00221.0.0\u0022);\r\n        public const string Id = \u002270ea5221-9faf-4792-b428-5fee9aa1a001\u0022;\r\n        public const ModuleTypes ModuleType = ModuleTypes.FurtherTransformation;\r\n\r\n        public static bool Repeatable { get; } = true;\r\n\r\n        public static List\u003C(string, string)\u003E GetParameters(TreeNode tree)\r\n        {\r\n            return new List\u003C(string, string)\u003E()\r\n            {\r\n                /// \u003Cparam name=\u0022Age type:\u0022\u003E\r\n                /// This parameter determines the kind of age that is computed.\r\n                /// \r\n                /// If the value is \u0060Since root\u0060, the age of each node corresponds to the distance $d$ (as in, the\r\n                /// sum of branch lengths) from the node to the root of the tree; in this case, the root node would\r\n                /// have an age of \u00600\u0060.\r\n                /// \r\n                /// If the value is \u0060Until tips\u0060, first the total length $l$ of the tree from the root node to the\r\n                /// most distant tip is computed; then, the age of each node is $d - l$. In this case, if all the\r\n                /// tips of the tree are contemporaneous, they will have an age of \u00600\u0060.\r\n                /// \u003C/param\u003E\r\n                ( \u0022Age type:\u0022, \u0022ComboBox:0[\\\u0022Until tips\\\u0022, \\\u0022Since root\\\u0022]\u0022),\r\n                \r\n                /// \u003Cparam name=\u0022Attribute:\u0022\u003E\r\n                /// The name of the attribute in which the age of the nodes is stored. If an attribute with the same\r\n                /// name already exists, its value will be replaced by this module. The type of the attribute will be\r\n                /// \u0060Number\u0060.\r\n                /// \u003C/param\u003E\r\n                ( \u0022Attribute:\u0022, \u0022TextBox:Age\u0022 ),\r\n\r\n                /// \u003Cparam name=\u0022Apply\u0022\u003E\r\n                /// This button applies the changes to the values of the other parameters and triggers a redraw\r\n                /// of the tree.\r\n                /// \u003C/param\u003E\r\n                ( \u0022Apply\u0022, \u0022Button:\u0022 )\r\n            };\r\n        }\r\n\r\n        public static bool OnParameterChange(object tree, Dictionary\u003Cstring, object\u003E previousParameterValues, Dictionary\u003Cstring, object\u003E currentParameterValues, out Dictionary\u003Cstring, ControlStatus\u003E controlStatus, out Dictionary\u003Cstring, object\u003E parametersToChange)\r\n        {\r\n            controlStatus = new Dictionary\u003Cstring, ControlStatus\u003E();\r\n\r\n            parametersToChange = new Dictionary\u003Cstring, object\u003E()\r\n            {\r\n                { \u0022Apply\u0022, false }\r\n            };\r\n\r\n\r\n            return (bool)currentParameterValues[\u0022Apply\u0022];\r\n        }\r\n\r\n        public static void Transform(ref TreeNode tree, Dictionary\u003Cstring, object\u003E parameterValues)\r\n        {\r\n            string attributeName = (string)parameterValues[\u0022Attribute:\u0022];\r\n\r\n            bool fromLeft = (int)parameterValues[\u0022Age type:\u0022] == 1;\r\n\r\n            List\u003CTreeNode\u003E nodes = tree.GetChildrenRecursive();\r\n\r\n            double treeHeight = tree.LongestDownstreamLength();\r\n\r\n            for (int i = 0; i \u003C nodes.Count; i\u002B\u002B)\r\n            {\r\n                double age = nodes[i].UpstreamLength();\r\n\r\n                if (!fromLeft)\r\n                {\r\n                    age = treeHeight - age;\r\n                }\r\n\r\n                nodes[i].Attributes[attributeName] = age;\r\n            }\r\n        }\r\n    }\r\n}\r\n","AdditionalReferences":["System.Runtime.dll","System.Private.CoreLib.dll","netstandard.dll","System.Collections.dll","TreeViewer.dll","PhyloTree.TreeNode.dll","VectSharp.dll"],"SourceSignature":"DlMUpHDOsrdNMuz36pNPNZg2CzpVOSoFYfSee9bcyhQ6yUT5g/TKkzm4v5XC1T2Qwhui9Z6RlhSl4OH0yAZ/3zM6cVtuWjUBwlTYr6HXZJoCpBhzjfLgN1bNHszYF0EObmyFVNPe17U4s\u002BOCUu1H2wPHFp6aU/OTDmm5m/WXdo37M4TfjnJtQwDc79EttYofe9ANwmDGT7eUbRtOZx\u002BpXLWIn5Yh6PcXP9Iyqd4hlqObLrm\u002BpZIWdp\u002BLIW8le56H09lhGcB4I\u002Be9hk\u002Bog277kw9DsCV16Z/NXhO\u002Br6iw46b5JjGkeLThgPGHaeHN9sPyc/Zwg/PdKEdcbvbBbb1QqiusG3b\u002BgOZajFm8dhnUiGhH2tN9l3X2g4FNkdIlakZY0KPIjc7hQ9SpwtNHK\u002BPeHtRFxcNCO\u002B7PoKSRI2d5/7jLmDZdHPIJ5vm0U93niyMKIrTnTYh0kOGnlOd8fHx3f25\u002BtrEGQBYLdvSXjAumxw\u002BoZNo\u002BQb4EFStTJMlodSvR9IlJVow6FOM9y\u002BSRJpm9VOJPM3RUMyJId/75yPX/8SJlk0PfOodc1/qjn3JdV33YHJM4//GT\u002BnNUPTcNXtjIRkezsD/qU/jyGwaTIKla2DuvCDn46uv1abXV3k4EaaXwp0eRSv2C93Q3ZSzsfT6iqZ7di0CvhnDkBjvS7V844pI=","ReferenceSignatures":["mUMdFT\u002B4NaXQVMENao7HWj\u002BpJ\u002BmEHKGLaT6LtJPDgDcLNOAvdSeeV1HTuEoeO6WMugJ6B\u002B1fDQ5v0iX/sYIH7rUPKZsEoBJbHrnV5Ovrg8FbJOHPCNSPf0e9oHk91fKLCORnLvLL5Nz0Kqec4uSLHOWY8jKdXz7rbmzqYTuZhijeUemcwVJB1mcNyKOUDj1T54o1So\u002B3KxZMoequ\u002BGEwhR4FevjdVWgCtk3Ih4v9KSjsi\u002B5X69Rdqrhm2wNnoTNpGMWdsLYp1AHG6j2\u002BwBtJHNv9lK6CJvY7LpUBkqgaLrIo/vHrva5wzFut8cCppZJl/BxJknRPSnmxgLdyyH5sBNB\u002BZGiTZz6Y2asOFyxFEO8bh/cRq9CRVb92\u002BFNUGZFCmNN5D5TyElwlJhuLPEcjyuIEgO4Og8mbuV3iz0BL9lpaKAuFFO5DYa1SW3z5cyzrNq26VuGTLSRMu8Q3hia7iw47KqHTymWwyl/WWsoYH9n0a32S78BMuaIrSMHANM8ux3j\u002BQgLrgFPx69lIYsHeoaUoYhct6vtC75uBtMywnmjN6hnc/GjkvX1Qs7Pfgst5F4u78T8ytkTQKWrhABn6EIgnr97gN5NCqQxUIcDkNvD3fQi1pmDlCJ6PUnyu7Wy0YSbUddQgWGeS95EPibpPTAi8HYHFC6GBgOw4oDklIg4=","poZc7/EKdtgQ5MvOiH78JXFLmYV9\u002BM0rxsKCuTSSgmTTF1LhFEAWIkbVKYuicph5mMhBKA6noNTAYClC/DU6yI9oaqoDH1lv4xbXhDCOtMltT6CkaaF/VyjTPxA0HAJTSa\u002BzGBj/jSgISgbE2xD9zg01jrJE9j\u002BShgJrkCxP16\u002B4I\u002BjCOE9nrmzD8jFFkSMb0qHINTxmu0CN9e/DuAJ1Spj2Equk2kt0wh9LHrHzWc\u002BmjPy3TndIetRyaNO3VzwORNLS4mZ7LDZcgLGo/irzj1mQQ2v9HbvaE9gXGss/nEXYbO8CIK1UB1roK1fLjTtK6MHHWpFSGy4jQpdM1VjEZ\u002B89rl0pU9gEO16qBAda7yoO4In8vM6K5mps\u002B5vs1FEApCW/TwroA688mtn6VWLB5tZGlVQ\u002B1ufRqfH0M36K9LPJArfXr707HSKthNOijt0b6GaGzgqcvJr7I79yIljZG7v07a\u002BxwLpi43caMErDMDu/wd6LAFM\u002BzXvUbtR95oZ58FCnPDAkJz3zkfbr2EGj3Z3lLH/Zo7gUpNtpWgMlsYkERdc0yQcSDUm/9e7JQoZsdHepRWG9pZk9UCh4Rl521h4eeUoU9k3Rf4voIy7BtfscqVJk2Ik69rcdKf387O6SQ5/j955jenshp5gUpCGLGxShg8ySwZ0ufTQ02nCom0E=","QoVE9AomNqe0pMhK0b3Q23KqEqDWp75g4as0PTWRH0\u002BMAfpzhV1oW57G9I9ibCvg3MyNhDuQREXMkYC1cH0vhe/Ra6jmTPaerzeltaStBI/wNVxMC2cYrtZjeypx8lC5p7vRDrEiCvQk/D3RK5N9mvxzZZUjBBx5NFsy4SkFVJ2R/Ur59MpCoKXIXkC\u002B2qQ35uBEnxPYeyOdeziLRMpAbE/RCQx3TtsXbbJyuuuasenR6vwrpN\u002Bin8diM1HDKtLS\u002BFhBhWMi55AcneOLTQosj8O4du1NqfY5l3I7MtjYSRrqnaCmo2tep3/Tt699okj6GJkW7hJL6gsatGs1np/6Sd5P2m0DWtiO/7aFEx3aFWjApJBuP4cXlVK2TFI8x7x8oMcSaH7Qrg3iwBW/D9vui0lVkY4Xx6WTBssQ\u002BwwQWkFy2zbS16DTBbC1FT6edEV5MWGcU1hlFEGu9lw5D6oZ7NcQejg6A6DT1M2tUy\u002BlxU6fIrf1tCKDA1nGT3PYJnsTjz6ZhjeMExMk7NZ8TBBVm6pEeEtq5jucmdkhzohfE85lKinOuRIknWNgNedjn20u8P\u002BpJMzXWqkLZnCV3CuBQjR\u002Bz4sbsikS8dPUQ5vrDoIa3PW\u002BcZGPH3h0Mw\u002BhTnZ/2GgNL96rO8izLWZ/YFB7WpAMPm\u002B\u002B4dZrIpZUyKGxHdk=","MTPdtl/zndA3XY4vp0k6SakLl3aQVzkXACUWValwEr1n6w82OsfZOvhlouPBZ/TC\u002BHdD3ZoMMz4dCplukoeJHlX2Y6Z7knu4d9QM/jBEHp/RYqdRuaQgxMQH7OEPBKxCMnYT5scF95x3wmflEFnErld1X49wsTofkPTM3cax7C60ItzM1WwvBb76ul096RchdlyGuXXoMqO5TbsbEAzURbQ56IkVgi3xlAW1B7jWwm34\u002BgwEs\u002BfupRtMJRChtT7PyN6VLlYgvTnX\u002BCcfclSHUmp6IeBpP7212wPMfQaWIoyw4fhsAjVq6hcJ2dwnKEw6ydjUk6piDqsv9VEB0Q1l/SQfJmBp4jLkddG2EU7Ca3AVbfzoY\u002BRIe4vBpRrqYQcxhVy1RPrY//DVQG2kqIIurtrOKhd2Da4/7YWSN0gkfKEYaazzzn6ATxfrnDotj\u002B\u002B0MtMjhiZJwSGzxhoR2p8tTaRSpFfoosUoh6FOQK7/lMzQuNqQA8eD/Qc9xfwHMZaMryoyK7QBTgW5MwzDg8CqkL6hfwTSKxn4PpSAI/uLeMo9ph\u002BK/GD3avwQg4spy3xW7FPG1nclJHbEY94Ec68FVDIvhbfwqg2FXn9AtPE7a7l\u002Bx\u002BDfTRjbpGyJBT6m\u002BmMUPyMu8VO7eHqefYWXSk9lUNiZ6\u002Bw4EAwsAqs9cm1Q8Tg=","m7hq2GGFqI0kqRsw3ErUnvi1kO3EZ7CyNQpt4GcnxyQ\u002BIomnMp8\u002BLKSpfncMA2ho5PhGVHwrMw3zQbtOfLjaM6\u002Bn2Y/B/MFyLJ6PIlNtP0PEpB6VCjhd5Ok2vSUWLOaZlmdCswUp0a2GDNpJLR8z5CF\u002BRe1pVYcODA5uRSkP\u002BpaYHS8b0/ImXK7xdBfYHDe7cBLVwRiED9ZGlRyZ6iahJ115BjfG5gCowHYAWZgXc34LuCMZqfJkUlfjn3GK0D4h/d16kd4hvMXSL4eC9GP0B00WDnUq5Y9fAjfmt\u002B61eEiOFL1nFrbWJ/\u002BLL/uWUrAqysbBW1ehHXN4wv\u002B/Cce9ST7YjuMT\u002B6q84eOitiVqTztNAZfve59Okw4mi9NHf2\u002BOEgDp7CUEt\u002BPd/Za5bzWW3I\u002BkvRJ2k\u002BhF\u002BLUdE0860ldkQaGc/cmUBJNf6vQNIo7qvXzVx0TwHuR8S08aJhEmBlKOVzNFZiF1lbNXF6eY3ul0XoNufKgZcbaaqmUKoXwXHO4A6FkYSoC5NCFnKA/rVyOnHOv8cMHUygvYHrEYriwkhcg8Pp4hp2wehZhPzsOiu1FSu8h/6Ci8\u002BimgKaqp2XPMqE5FMuUFtTDPAnYtAOJX9mNWeIYmInqQ84Pg7uotBwEi5Eb\u002BRmsXkQMscTePyGxDrYhr0R7iin\u002BwKwXSNeY=","hucWcbfRwvJKaHP/pnQp//jZ8yDRbd2FlMsscfXCR\u002BitCg3aW15o8fhpLunYbdFIGzPF24KhH\u002BU/kYl/zhAxyhzK5Z87LC8zoA05fKo5et4rDdHZKpNR\u002B7P11MGRUZgDy44EYFRCAA\u002B30iGF3Nl1X7iyXVzxHS8WxUkjEb/pqpgKkpaKlWYkiawRSkRGS3UsBLNbroJii8s7SwOcBH20yi2MEdZlxLlbIwq\u002Bf2N1hvLnnEx2x5/UyNqb9TZUGWij5cYJ7wGiq7tzN\u002BTomhsT/8hnjaNWiv/xlHzbl7y7nO\u002BtbUOMu/qMSJk9m3MiyOIQwG/oFIjuxMo6kXLZkweMBdqHpW78cBitL/57ZL6kT9FReJJ7kVb2MKmf4cRvG5BGQtkL2\u002BS//0TVc0aeBjxuKYPHsN7n4voba0gFWm9QyQEBHZncgBYpDxPfc9vk9im\u002BJQxH\u002BeHttBiVbKZCGAzSefgxBj0KiPIvqPcmCNiP3PPS48xnC31qoqi/hUqJYYhb4r1sofzP1a7Eho8uEy3GZe0ozGjbsH/DXCi535r9wkGseZe3okIONvEKr6KGVrQDcHFTnsvwmdoli9XJ27\u002BYrS9aZE6lqGoqN0G1SQsXO/m1eh6glSPDTrWH729dP1hNHMjbaFYKkfPNEoIGpDEwWjorDrVhZNWx4mJntN7sEX4=","FzPBdlOulH\u002BiDoRtjo//0TOaS95F7mtX4Eks2xv7SWkXk4RJ9BW5UEmErHKbOq98nIw/J1GFxI\u002BGNne8G/6XVfYdqPV\u002BrbA92jT3KdT/1\u002B9/qC1b/Bl4LzgRAgAagiH3Y0Z6Fg/j0kKGO2UKMWWd874QaENS4OJ830c6Bdqq7mGDz3\u002BO7R\u002BPBm5P2XfuzLJO143qZGB6GuxjOV7AT7v7QJwFxGSGL0i8Z5Mjt7Eo1XZPMt62bcXXYqjmZeMp/gmGhSzt\u002BgQBiDtlt\u002B/L0NDUJEPVWsIpqaZ2dT4XDjTerQr1rRl2W7HKgUdmWVKha5BMlcEPw305vVyVMnRbXZSSAo1rgmyVo\u002Bhny\u002BPII/JPl/XrPfxkPi4EO8PNu9a3CLUkehDehdWZ/8MqOgnpR3oynOVxd4OVhryFrz5g\u002B\u002B1\u002BI5iYatAfWHLM9oSrbv/iWKEBygrqdyXCEPn0Z00xbZLmhjdVOulZMOPHR9rCoCZgc4k3mDwAlSpJRTC0oMuOo94aTpTNSrqluyHfLs9igV/IckvP0OBJc9qo1DMGk/oiHuQrGjqZY\u002BAt3G5fZZxj6fECYhEg4oZMJW479DxwbgAmVf1XZaajR5aZ50k6WG2r1oNzdp3jmj2umiRwaNN1lsYC\u002Bf4B2d6rfOwA96KFX8fzHT46i2mijjtR0ZkLydRNeI0="],"Author":"Giorgio Bianchini","Version":"1.0.0"}